full_text,sentiment
hijab aset luarbiasa rocky gerung terbaru wantimpres minggu wilhelmus cut salwa turut viral besok senin marahin carmen,neutral
sialan gw disamain kek rocky gerung,negative
rocky gerung ternyata roman katolik,negative
bu guru digilir murid dikelas rocky gerung terbaru wantimpres minggu wilhelmus cut salwa turut viral besok senin marahin carmen,neutral
bu guru les dan murid lagi rame wilhelmus cut salwa turut viral besok senin marahin carmen rocky gerung wantimpres minggu terbaru,neutral
selebgram cut salwa part wantimpres minggu wilhelmus cut salwa turut viral besok senin marahin carmen rocky gerung terbaru,neutral
bule prank ojol lagi rame cut salwa turut viral besok terbaru senin marahin carmen rocky gerung wantimpres minggu wilhelmus,neutral
cewek hijab mukanya polos banget carmen rocky gerung wantimpres minggu wilhelmus cut salwa turut viral besok senin marahin terbaru,neutral
senin turut the rivalry returns wantimpres rocky gerung minggu the rivalry returns senin turut pilates pemimpin dede sunandar zara larsson,neutral
ini halhal yang tidak akan bisa israel rampas dari palestina kehormatan harga diri martabat dan kemuliaan viral prabowo rocky senin gerung,positive
rocky gerung hanya pembenci,negative
definisi rocky gerung lagi girang,neutral
ayah dan anak yang lagi viral turut arvs marahin carmen senin rocky gerung wantimpres edo state simply lovely xixi,positive
gausah mikirin rocky gerung pikirin hari esok rokok apa yang akan lu isep makanan apa yang akan lu kunyah dan jam berapa tubuh lu bisa istirahat sehat sehat manusia hebat,positive
adik kakak gamau kalah viral turut arvs marahin carmen senin rocky gerung wantimpres edo state simply lovely,negative
bilqis seleb banyuwangi amalia mutya bocil a day in my life jihan malming malam minggu rocky gerung mbah leginah qodari denpasar,neutral
bocil a day in my life turut senin marahin carmen rocky gerung wantimpres minggu dede sunandar senin,neutral
bilqis seleb banyuwangi sea leb amalia mutya bocil a day in my life jihan malming malam minggu rocky gerung mbah leginah qodari denpasar,neutral
murid les dan gurunya yang lagi viral turut arvs marahin carmen senin rocky gerung wantimpres edo state simply lovely,negative
aku malah setuju rocky gerung jadi menteri agama mungkin dia lebih baik atasi intoleransi dan nggak korupsi haji,positive
bocil a day in my life lagi viral carmen sempit senin pilatesthierry henry rocky gerung simply lovely,neutral
jika ada perdebatan pada rapat wantimpres rocky gerung mungkin bilang dungu pada termul biasanya kebiasaan ini sulit hilang dampaknya termul mungkin pada mundur atau bisa sebaliknya rg sdh jadi dungu bagian dari termul duduk manis,negative
bocil sok imut lagi viral carmen sempit senin pilatesthierry henry rocky gerung simply lovely,negative
sekelas rocky gerung saja bisa terkalahkan juga oleh pak presiden skrg ada lagi gak yg mau main,negative
met malam sobat²ku org baik semua met rehat insyaa allah besok jumpa di dumay teruslah mengkritik dan berisik ya siapa tau dgn begitu ada diantara kita netizen yg diangkat sebagai komisaris atau wantimpres spt bung rocky gerung,neutral
berat nian tugas si rocky gerung wakakkakaka,neutral
derrida mengajarkan pembongkaran kant mengajarkan otonomi adorno mengajarkan kewaspadaan terhadap sistem ketiganya bertemu pada satu hal jangan berhenti berpikir kondisi ekonomi yang masih simpang siur seperti saat ini turut prihatin sebab sekelas rocky gerung aja sudah,negative
profil dan rekam jejak rocky gerung pernah terlibat sengketa lahan dengan sentul city,positive
ochil smp dipaska guru ampai nangis carmen terbaru pilates dunkxduosi sempit viral minggu rocky gerung wantimpres,negative
menggerutu saat rocky gerung masuk dalam sistem pemerintahan padahal dia hanya seorang akademisi dan aktivis sosial sebaliknya pemuka agama terlibat dalam politik praktis dan jelasjelas menggiring umat atau jamaahnya ke salah satu faksi politik kalian hanya diam saja,negative
besar loh ya malam carmen senin turut the rivalry returns wantimpres rocky gerung minggu,neutral
ketemu rocky gerung,neutral
dulu ngegas sebut qodari bodoh di tv nasional karena dianggap tidak paham dasar public relations dan komunikasi politik sekarang rocky gerung malah berakhir jadi bawahannya qodari di wantimpres begitulah ironi politik yang dulu dihinahina sekarang malah jadi bosnya,negative
rocky gerung masuk rezim itu berarti tanda ekonomi kita emang berantakan seekor rocky gerung aja nyerah akhirnya apalagi gua,negative
kid vs viral nephews rocky gerung ungaran pltp rest bangladesh malaysia singapore king indo friday,neutral
mungkin rocky gerung sekarang lagi diskusi sama gibran di istana jadi kebayang diskusi yang menguras pikiran itu,neutral
kecewa rocky gerung jadi anggota wantimpres ferry irwandi saya men of my word,positive
oleh ahmad khozinudin sastrawan politik pengamat politik rocky gerung menilai bahwa jika mahkamah konstitusi mk mengabulkan gugatan terkait syarat pendidikan atau ijazah wakil presiden gibran rakabuming raka hal tersebut berpotensi memicu gelombang krisis politik yang luas,positive
in this economy rocky gerung aja nyerah,positive
rocky gerung,positive
bu guru digilir orang murid dikelas carmen terbaru pilates dunkxduosi sempit viral minggu rocky gerung wantimpres,neutral
rocky gerung tdk punya istri tdk punya anak rumahnya sederhana pernah ada di youtube hobi naik gunung gak punya perusahaan ataupun partai gaji wantimpres rp juta per bulan apa memang lg butuh banget duit sampe terima tawaran penasaran dgn motivasinya,neutral
ada rocky gerung ngelengser posisi gua,positive
pro dan percaya rocky gerung dari awal aja udah aneh,positive
tere liye ini calon the next rocky gerung kalo dipikirpikir,positive
rocky gerung gak cocok jadi filsuf kalau gitu,negative
ternyata sama dengan rocky gerung sein kiri belok kanan emang model seperti ini yg dibutuhkan untuk menghadapi publik,positive
toblut jahat malam minggu mbah leginah rocky gerung turut jihan wantimpres selamat hari batik nasional,neutral
sekarang saya tidak ragu² kalau rocky gerung adalah si penjilat yang dungu dan tolol,negative
enak emang jadi rocky gerung,negative
rocky gerung jadi wantimpres sebenarnya mengikuti jejak senior sekaligus mentornya dr sjahrir yang dulu juga pernah menjadi wantimpres di era presiden sby keduanya samasama dikenal sebagai aktivis dan intelektual publik yang membawa gagasan soal akal sehat dan punya tempat,positive
eren aku benci titan jadi titan kaneki aku benci ghoul jadi ghoul rocky gerung aku benci jokowi jadi wantimpres,negative
aku tau cowok mu itu ga penjilat rezim tapi udah cocok sih jadi rocky gerung,negative
cara membungkam binatang buas sprt rocky gerung ya jadikan kucing peliharaan lgsg hilang taringnya,negative
bung rocky sudah tidak lagi gerung kawand,neutral
anda seperti rocky gerung saja,negative
rocky gerung berakal waras,positive
jawaban dari ini akan menjawab problem rocky gerung yg banyak dibicarakan orang,neutral
jangan curiga dulu dengan rocky gerung dia masuk mungkin dia akan dengan mudah ketemu prabowo atau sebagai pembisik bagaimana menerapkan faham sosialis yg pancasilais jadi anda jg judge dulu kita liat beberapa bulan kedepan apakah mbg kopdes ada peninjauan kmbli,negative
rocky gerung setelah dilantik ganti nama untuk buang sial jadi rocky girang bhuahahaha,neutral
ini ibarat rocky gerung join kabinet,neutral
hanya beberapa jam saja setelah masuk ke dalam pemerintahan rocky gerung langsung mendukung mbg,neutral
meh njajal cara rocky gerung wae po,neutral
ekonomi sulit bgt kyknya sampe rocky gerung gabung ke pemerintahan wkwkwkwk,positive
jejak digital rocky gerung kembali jadi sorotan setelah dirinya resmi dilantik sebagai anggota wantimpres oleh presiden prabowo subianto pernyataan lama rocky saat berbincang dengan feri amsari kembali viral selengkapnya di,neutral
banyak pengamat yang mengatakan rocky gerung sudah menjadi rocky gering pendapat saya rocky bukan merapatdia balik ke induk semang nyakarena habitat nya memang di situ selama ini dia memang sengaja di lepas liarkan dari kandang nya untuk menyebar kan virus rabies di,negative
rocky gerung merepresentasikan kritik kritik dilantik tuh beneran ngakak bgt mana aja yg nulis kritikh kritikh dilantikh sialan,negative
rocky gerung dilantik gue diam quraish shihab dilantik mba nana diam,negative
pov rocky gerung in this economy bro,positive
harga rocky gerung sebulan jt lumayan di atas umk,neutral
turut makin bingung sama agama sang maestro dungu rocky gerung coba data ktp nya dibedah dong lagian itu kitab apa yaaa,negative
rocky gerung bukannya dia faithless rujukan moral nya sains dan filsafat bukan teologis agama,negative
radical breakhkhhh ala rocky gerung,positive
hampir jam gak aktifkan hp gara td sedang meningkatkan tingkat kultivasi yang sebelumnya adalah hari ini sudah tapi malam ini akan jbjb radikal break ala rocky gerung bismillah aja untuk dunia perkopian sudah pernah coba good day ice roast belum,neutral
rocky gerung masuk pemerintah ini udah paling kocak bgt situasi kita enih guis,positive
ya emang gak mau ngaku kalo yg skrg ini lagi parah bgt maklum prabowo lovers plus rocky gerung panutan nya dr dulu hahahah uda cocok,negative
ekonomi lagi berat s rocky gerung aja sampe nyerah,negative
kompilasi asupan pemersatu bangsa tngh ramai samping anak a day in my life banyuwangi bilqis sore marahin gen rocky gerung videy vcs uc share,neutral
dikebon dongg hahah lewis wilhelmus simply lovely rocky gerung sepang wantimpres skynani meroi in tokyo kong at siam center bifw turut keng namping at bof gala carmen,positive
akhirnya arc rocky gerung selesai,positive
kok padet lewis wilhelmus simply lovely rocky gerung sepang wantimpres skynani meroi in tokyo kong at siam center bifw turut keng namping at bof gala carmen,positive
akal sehat rocky gerung sudah sakit,positive
tak bisa bantah hinaan rocky gerung,negative
berarti kemarin rocky gerung asbun dong dia bilang kalau nolak mbg tahun ke depan anakanak stunting,neutral
lebih kaget liat kelakuan talon hari ini dibanding liat rocky gerung masuk istana,neutral
habis dapat dana dari rocky gerung habis dilantik jadi wantimpress,neutral
jokes soal rocky gerung mulai fyp,negative
rocky gerung kalo lagi excited ganti nama jadi rocky girang,neutral
kalian menggaji rocky gerung,negative
meneghlusirigh ijazagh yangh belomgh terbitgh itugh menggunakan nada rocky gerung,neutral
rocky gerung inflasi filsafat tetapi zero iptek,positive
kompilasi asupan pemersatu bangsa tngh ramai threesome vs kinanda putri crot a day in my life malam minggu max p lewis ferrari rocky gerung vcs videy,neutral
bang rocky gerung dulunya garanggaring via kritikan tajam kini sudah girang,neutral
joget ala rocky gerung bisa patah dengkul bu dosen,neutral
gak terlalu kaget tapi ya tetep kaget sama rocky gerung,neutral
memangnya wowo susah di nasehatin penasehat bisa sampe orang begitu gerung,negative
wkwkkwkwk juara satu jilat ludah sendiri ya rocky gerung,positive
rocky gerung digebukin sjahrir lah minimal bilang mbg adalah bentuk sosialis,neutral
lucu juga nih si rocky gerung filsafat ga bisa membedakan operasi plastik dan bonyok karena digebukin bisabisanya dibohongi emak insecure ratna sarumpaet,negative
tidak mau kalah dengan rocky gerung,negative
closingnya kita pelukan sambil mengutuk rocky gerung karena jadi wantimpres,positive
empuk banget mah ini jihan pagii carmen malioboro ole romeny rocky gerung akhirnya elin malam minggu turut wantimpres,neutral
baca selengkapnya anggota dewan pertimbangan presiden wantimpres periode dan sidarto danusubroto meminta kepada para anggota wantimpres yang baru dilantik termasuk rocky gerung untuk menyampaikan masukan kepada presiden prabowo,neutral
rocky gerung jadi anti pria solo tiba tiba sulap dapat jabatan wantimpres dari wowok gak heran garang terus menjadi ayam sayur sekaligus menjadi cebok pemerintahan sih wowok,negative
prabowo kan bilang kalau pakarpakar goblok nah penasihatnya kan para pakar nih bayangin rocky gerung menyampaikan nasihat terus dijawab tau apa kamu goblok keminter anak kemarin sore,negative
banyak pengamat yang berasal dari jawa barat mengatakan rocky gerung sudah menjadi rocky gering pendapat saya rocky bukan merapatdia balik ke induk semang nyakarena habitat nya memang di situ selama ini dia memang sengaja di lepas liarkan dari kandang nya untuk,neutral
saya anak ideologis nya rocky gerung apakah masih bisa ada yg terima saat ini,negative
om rocky gerung mungkin bisa bantu tanggapi dari perwakilan ibu guru honorer tolong jawabnya ga usah pake teori karena ini bukan dalam kelastapi ini realita hidup atau ini cerita hoakstolong klarifikasi,negative
plot twist banget ya hidupnya rocky gerung kali ini nyinyirannya membuahkan hasil,negative
ingat betul twt masa an kalau tidak salah sampai akhirnya bingung kenapa banyak yg memuja rocky gerung lagi di beberapa tahun terakhir,negative
rocky gerung kasus ijazah jokowi dan fufufafa akan selesai jika gibran jadi presiden dan jokowi jadi wakil presiden memang benar bahwa lidah tidak bertulang ada lidah lintah darah ada sampho lidah buaya ada lidah untuk jilat² tergantung kebutuhan,positive
jilat terus belanrerus suoaya dapat jabatan itulah sistem di indon sekelas rocky gerung saja jadi watery garong ya ga,negative
tetaplah meng gerung walau tanpa rocky,positive
i adored rocky gerung adored i hope i will always adore bung feri amsari prof zaenal arifin muchtar bung refli harun prof deni indrayana mba bifitri susanti dan tokohtokoh lainnya yg istiqomah menjaga komitmen,positive
oh ternyata itu jenis kitab nya rocky gerung is the best,positive
tadi liat rocky gerung masuk wantimpres sekarang liat nina grad amat sangat mencengangkan di luar prediksi banget gilaaa,neutral
menang dapat prabowo kalah dapat rocky gerung,negative
rocky gerung di tanya wartawan alasan bersedia masuk apa pak terus rocky gerung dengan template jawabannya alasan saya menolak apa kentuttttt gak pernah ada di fikiran gw rocky gerung akan lebih komedi dari pada gibran anjing,negative
akhirnya irma yg selama ini dipecundangi dan dibilang dungu bisa melampiaskan dendam kesumatnya kepada rocky gerung,negative
rocky gerung menggugurkan integritasnya mengubur dalam komitmennya cuap cuap bibirnya bertentangan hati nuraninya hebat,positive
membentur membentur membentur terbentuk si rocky gerung emang gak masuk akal keberpihakan nya kayak gimana,negative
bukankah dulu kau yang mencela bukan soal masuk atau keluar istana bukan pula soal siapa yang benar atau salah tapi ketika kritik bertemu kenyataan kadang seorang filsuf pun bisa kalah oleh logikanya sendiri hebat hentikan cuap cuap rocky gerung,negative
roky gerung kalah dengan logikanya sendiri rocky bicara tentang logika tajam menguliti kuasa lantang menantang istana namun ketika langkahnya tiba di sana logika seakan bertanya,negative
sementara rocky gerung dkk digaji sebulan juta,neutral
demi duit tai prabowo di makan sama rocky gerung,neutral
gw drkmrn butuh waktu untuk mencerna bahwa rocky gerung masuk kabinet prabowo tp kalo diliat dari jabatan yg dikasih ini not even that bad sih the floor is his now utk kritik lgsg ke presiden loll kira doktrin filsafat apa yg akan dia suntik ke otak wowo ya,negative
rocky gerung tegaskan keberpihakan pada buruh tak berubah meski jadi wantimpres upah harus maksimal bukan minimum,negative
dari rocky gerung kita belajar mereka yang kritik jokowi dan benci jokowi dasar nya hanya karna ga dapat jatah jabatan aja,negative
trending di tiktok jokowi bisa bunuh diri presiden benarbenar menegaskan kepada uud dan pancasila bahwa dirinya bukan bawahan jkw hari ini mk benar mengembalikan wajah hukum indonesia rocky gerung amppasukan khusus akal sehat mengelilingi prabowo gibran get out,positive
gini deh klo berpikir ala rocky gerung,positive
atau mantau rocky gerung,neutral
mirip nuansa kediaman rocky gerung,negative
bangsat lah garagara rocky gerung dilantik watimpres nina grad,negative
dari foto ini saya baru tahu kalau rocky gerung agama katolik,neutral
rocky gerung saja sekarang menyandang status public enemy entah bagaimana cara dia bisa meyakinkan public agar simetris dengan presiden,negative
rocky sudah tiada tinggal gerung yang sejahtera,neutral
misal rocky gerung ketemu gibran di istana apa ga awkward yak,positive
padahal wantimpres sesuai namanya bertugas menyampaikan pertimbangan ke presiden rocky gerung dan orang lain tidak diangkat jadi anggota wantimrak yang bertugas sampaikan pertimbangan ke rakyat apalagi ubah spy sama dgn persepsi presiden,negative
oi rocky gerung,neutral
hidup ini berputar kawan kadang rocky dan kadang gerung,negative
apapun gorengan rocky gerung im eating allat,positive
rocky gerung menganggap dia amp prabowo adlh sosialis sbg wantimpres gaji rg rp jutabln guru honorer bergaji rp bln sosialis jadian rocky gerung amp prabowo tahu kepincangan ini dimana keadilan sosial bagi seluruh rakyat indonesia,positive
rocky gerung ketika berbicara tentang sentralismedekonsentralisasi dan federal bocah tua ini gak ada habis idenya,neutral
rocky gerung lek guyon gak lucu dadi rocky garing,negative
kondisi ekonomi di rezim ini emang sesulit itu sampe rocky gerung pun nyerah,negative
rocky gerung membela prabowo padahal prabowo adalah seorang fasisberarti prabowo bikin rekayasa genetik saya ingin kita periksa satu persatu konsep konsep yang kita taro disitu kalo saya uji misalnya kenapa you nggak mau membayangkan secara radikal satu bentuk persemakmuran,negative
kebutuhan ekonomi berat brookkk rocky gerung aja nyerah,negative
cc rocky gerung,neutral
rocky gerung lupa apa yang pernah dia ucapkan dulu kalau tawaran itu datang saya dengan seksama dan tempo sesingkatsingkatnya menolak sekarang udah jadi wantimpres,negative
teacher vs favorite student king indo rocky gerung wantimpres saturday night malming accelerate state development qodari,neutral
ada yg masih ingat pernyataan rocky gerung prabowo itu b pakai anggaran apbn utk mbg,negative
sopan santun itu gesture pemikiran yg sopan sopankan itu munafik namanya rocky gerung jubir prabs,positive
potret kehidupan rocky gerung saat ini,positive
kata mutiara rocky gerung itu saya itu netral,neutral
kondisi ekonomi sekarang memang berat rocky gerung aja sampe menjual diri ke istana,negative
cewe hijab lagi rame dimobil rocky gerung wantimpres elin carmen viral pasming itomomo deepsafe bund personality terbaru,neutral
cewe hijab blasteran arab carmen viral pasming itomomo deepsafe bund personality terbaru rocky gerung wantimpres elin,neutral
cewe hijab makan eskrim dimobil carmen viral pasming itomomo deepsafe bund personality terbaru rocky gerung wantimpres elin,neutral
rocky gerung kalau baku pukul sama rocky balbo menang mana,negative
forced by senior classmates until crying hysterically wanti impresh king indo pratikno rest against shame on you viral rocky gerung bangladesh latest,neutral
di blackmail apa yak rocky gerung ni what did he do sampe mau gamau ikutan,neutral
rocky gerung rocky balboa ivan drago,positive
rocky gerung dapat pekerjaan baru menjadi wantimpres,neutral
menunggu syahbandar atau rocky gerung dianieskan,neutral
udh berat bangeet bangeet liat tuh rocky gerung aj gk sanggup akhirnya butuh pemasukan yg stabil,positive
gerung dulu mulut nya satusetlh mnghujat presdn prabowo sbg bajingan tololsekrng rocky tdk punya mulutlalubrp duburnya,negative
rocky gerung pernah ngatain qodari tolol dan bodoh eh sekarang jadi bawahan qodari,negative
sejak kapan rocky gerung sosialis bangsat,neutral
ga ada bedanya rocky gerung dg haikal hasan,neutral
apakah retorika rocky gerung cenderung obskurantis utk menilainya gunakan pertanyaan apa klaim konkretnya bisa dijelaskan kembali dlm bahasa sederhana apa alasan dan buktinya ada hubungan logis atau hanya rangkaian istilah dan kalimat tajam,neutral
jabatan baru rocky gerung sebagai wantimpres ikut ramai dibicarakan publik terutama soal gaji dan fasilitas yang bakal diterimanya bukan cuma penghasilan bulanan fasilitas yang didapat juga cukup menarik perhatian karena setara dengan menteri negara menurut sobat suara,neutral
rocky gerung kemarin menghujat pak purbaya habisan skrg dia wantimpres kita lihat bisa apa dia untuk ekonomi bacot doang palingan,negative
dulu mah gak kebayang budiman sudjatmiko qodari dan rocky gerung haha hihi semeja di istana terima kasih pak prabowo,positive
eh tapi ini ril story waktu itu pernah ditanya pengajar les bahasa kenapa kok aku mau belajar filsafat blabla gitu terus dia nanya km tau rocky gerung sebenernya aku udah familiar sm nama rg ini tapi kek pura gatau aja biar dia jelasin siapa si rg based on perspektifnya dia,negative
kakak ngajarin adek tiri rocky gerung watimpres hapsun offside calling aylio minggu viral sena cuci carmen kitab elin flakes the crimson sire terbaru turut,neutral
bisnis keluarga febrie adriansyah terseret pertanyaan publik pun melebar apakah kekayaan yang berkembang berasal dari aktivitas usaha yang sah atau ada aliran dana yang perlu dipertanggungjawabkan secara hukum rocky gerung wantimpres febri adriansyah,negative
has rocky gerung ever been a socialist,negative
gw berasa lg di ketawain jokowi family dah liat rocky gerung skrg,negative
sepertinya telah terjadi evolusi pada diri rocky gerung,positive
ya tuhan kalo ga bisa punya kg emas kayak febrie minimal gaji juta perbulan aja kayak rocky gerung janji ga kritik pemrenta lagi,negative
astaghfirulloh fufufafa msh minggu ini ya alloh nyuruh teriak hidup ke rocky gerung sm lanjutkan mbg die pikir w anak sultan afah cm rakyat jelata indonesia biasa fufaf realiitas rupiah ihsg ekonomi meroket kalimantan red emyu baby gempa,negative
rocky gerung kena damprat dn makian oligarki dn geng solo,neutral
dan rocky gerung adalah sebuah paradoks di tempat itu,positive
rocky gerung sdh benar merapat karena diberitahu strategi paradoknya prabowo oligarki dn geng solo pasti habis,neutral
sekarang nama nya bukan rocky gerung un tapi rocky nimbrung,negative
rocky gerung lt madara uciha,neutral
rocky gerung nggak punya istri atau anak rumahnya di tengah hutan dan katanya sederhana banget hobinya naik gunung nggak punya perusahaan atau partai juga sekarang sudah tua malah masuk istana jadi penasaran sebenarnya buat apa ya emang masih butuh banget duit,neutral
jadi wantimpres rocky gerung ingin selamatkan prabowo dari pengaruhnya orangorang jokowi,positive
rocky gerung dilantik garagara punya hobi yang sama jogedjoged ga jelas,negative
pantes si rocky gerung dilantik punya hobi yang sama soalnya jogeejoged gjls,positive
info loker yg gajinya sm kaya rocky gerung,neutral
mestinya setelah pak prabs ngajak rocky gerung mas gibran ngajak anies ada kali gt wantimwapres,negative
rocky gerung merapat ke rezim adalah bukti ekonomi orang pada goyang semua,negative
bedanya rocky gerung vs rocky girang,neutral
rocky gerung jabatan ya wowo janji engga mengkritik lagi,negative
sekarang saya makin yakin kalau kekuasaan itu sangat menggiurkan jadi wantimpres rocky gerung cuma pindah luar ke dalam sikappandangan saya tetap radical break,negative
bocil polos sok imut jihan pagii carmen malioboro ole romeny rocky gerung akhirnya elin malam minggu turut wantimpres,negative
a day in my life jihan pagii carmen malioboro ole romeny rocky gerung akhirnya elin malam minggu turut wantimpres,neutral
guru les vs muridnya jihan pagii carmen malioboro ole romeny rocky gerung akhirnya elin malam minggu turut wantimpres,neutral
smells like pandan but mommy likes it jihan saturday night malming rocky gerung sip mbah leginah day off cut salwa denpasar,neutral
naik daun dimaneee klo beneran naik daun mah ke reach out ke berbagai kalangan udh brapa hari konten berantem berisik ini gua pantengin smpe gua masukin ke search bar kagak masuk tuh timelinefyp sebagainya ramean rocky gerung,neutral
orang dlm satu karakter rocky gerung dan silvester matutina,positive
dajal menawarkan surga dunia kepada orang² islam beriman bertakwa jika surga tsb diterima maka orang² tsb akan masuk neraka di akhirat tapi jika ditolak maka insya allaah orang² tsb masuk surga apa bedanya dengan rocky gerung yang ditawari menjadi anggota wantimpres,positive
ternyata bukan cuma prabowo vs subianto bukan suma rocky vs gerung sekarang sekelas relawan sppg berpenghasilan tapi tidak kena pajak pun melawan dirinya sendiri,negative
rocky gerung tensin nih kalo sampe hadir di kenduri cinta lg,negative
rocky gerung resmi dilantik jadi wantimpres lalu bilang cuma pindah dari luar ke dalam sikapnya tetap radical break netizen langsung buka arsip yang dulu dikritik keras sekarang satu istana,neutral
rocky gerung nang kancane sing ordal said didu dijak orakae yo jomblo lontang lantung rasahcah kae kakean penjalukan wes kowe wae wokeygas mbrodotkhh,neutral
ekonomi makin berat rocky gerung aja sampai nyerahmodal akal sehat apalagi kita massa cair saldo pasrah order topi vintage di sini,negative
never a fan of rocky gerung cm dengerin selintas pas mas bojo buka yt skillnya bersilat lidah ngembaliin perkataan lawan debat pakai landasan referensi teori mmg bkn tong kosong waton ngeyel sblmnya sempet mikir mana nih suaranya si rg ngedunguin wowo jebulnya,negative
bergabungnya rocky gerung tidak sertamerta menjadikan kritiknya terhadap jokowi di masa lalu invalid,negative
rocky gerung dilantik jadi wantimpres aja dah banyak yang ngamukngamuk gak jelas apalagi kalau dilantik jadi menteri keuangan,negative
politisi nasdem irma chaniago sindir rocky gerung yang baru dilan tik sebagai wantimpres ri cuma mau jadi wantimpres ri aja dasar dungu dungu,negative
ada filosofi dari tokoh yg saya idolakan tan malaka terbentur terbentur terbentuk rocky gerung dahulu krithik krithik dilantik,neutral
rocky gerung sudah jadi wantipres tugas dia bisa ngomong ke presiden langsung agar bisa menyadarkan prabowo kalau wakilnya itu belom cukup umur belom mampu dan belum layak menjadi wapres agar prabowo menyingkirkan gibran seperti yang selalu rocky bila di tv tv,negative
anjinggg ada yang buat status ekonomi sekarang memang berat rocky gerung aja nyerah,negative
orang tokoh yg pemikiran dan keberaniannya tetap menjadi perhatian saya tan malaka terbentur terbentur terbentur terbentuk rocky gerung kritik kritik kritik dilantik,neutral
rocky gerung dan,positive
teruslah berisik dan mengusik sampai dipanggil utk dilantik gibran mbg stop dulu bawa bekal dari rumah rocky mbg distop anak lu stunting kita ada di fase gibran lebih berakal sehat ketimbang rocky gerung,neutral
gak nyangka sih rocky gerung memilih masuk istana petrus pasaribu semakin yakin radikal break hanya retorika untuk mengais suaka dan ternyata udang itu emang sering bersembunyi dibalik batu,negative
rocky gerung emang masih malam mingguan bareng,neutral
rocky gerung juga gak tahan dengan ekonomi sekarang juta angkut lah,neutral
skrg qodari jd atasan rocky gerung,neutral
lucu banget baca komentar in this economy rocky gerung aja gak kuat sama tan malaka terbentur terbentur terbentuk rocky gerung kritik kritik dilantik cekikikan banget sialll,negative
selebgram cut salwa part minggu viral sena cuci carmen kitab elin flakes the crimson sire terbaru turut rocky gerung watimpres hapsun offside calling aylio,neutral
rocky gerung mbah leginah malming malam minggu jihan elin chizzy menurut kalian pasangan ideal itu yang romantis atau mapan,neutral
kakak adek tiri didapur lagi rame minggu viral sena cuci carmen kitab elin flakes the crimson sire terbaru turut rocky gerung watimpres hapsun offside calling aylio,neutral
rocky gerung soal jabatan dulu kalau tawaran datang saya akan dengan saksama dalam tempo sesingkatsingkatnya menolak sekarang alasan gua menolak apa,negative
penasaran kartu apa yg di pegang wowo sampe rocky gerung bertekuk lutut,negative
jiangli local au kemana bangse gue juga gak tau jadi watimpres kali nyusul rocky gerung,negative
rocky gerung the king of plot twist of plot twist nanti kena reshuffle semoga tidak,positive
jujur takut bokap gue bangkit dari kubur ngeliat rocky gerung yang sekarang,positive
sejak awal ada rocky gerung muncul di media gw dah feeling kalo orang ini bakal pret pada waktunya ehh ternyata bener dia cuma orang laper nyari kerjaan maju tak gentar membela yg bayar lah ya,neutral
yang takluk dengan wowo rocky gerung syahganda segelintir pinkijo,negative
separah itu kah ekonomi sekarang sampai rocky gerung join rezim,negative
rocky gerung tak lagi menggerung selepas diberi kursi,negative
saya yakin banget kalo rocky gerung itu gak bisa kerja makanya banyak omong untuk menutupi kemalasannya,negative
wajahnya kayak gibran gayanya rocky gerung,negative
ekonomi negara ini terbukti tidak baik saja rocky gerung aja nyerah,negative
versi anak kecil a day in my life bilqis seleb banyuwangi bocil cindo baju oren viral malaysia pagii kerja rocky gerung king indo libur private biasa wantimpres,neutral
saking parahnya kondisi lapangan kerja di indonesia bahkan sekelas rocky gerung harus rela menggadaikan idealismenya supaya dapat jabatan di pemerintahan,positive
setelah dilihatlihat lagi ternyata rocky gerung itu selama ini hanyalah pembenci jokowi dia tidak pernah benarbenar berbicara atas nama kepentingan rakyat,negative
bocil vs ponakan yang lagi viral video istirahat rocky gerung pltp ungaran bangladesh malaysia singapura king indo jumat,neutral
rocky gerung kedunguan dan halhal yang belum selesai,positive
even rocky gerung bisa jadi bodoh,negative
choirul tanjung kh said aqil siradj kh anwar iskandar kh yahya cholil staquf yusuf wanandi jenderal pol purn budi gunawan bambang soesatyo dr salim segaf aljufri dr h soekarwo dato sri tahir rocky gerung,positive
penyepong ui dan gerung meremehkan mas uceng npd bgt seolah dunia berputar di sekitar ui doang logika lu aja dungu sama kaya rocky bandingkan org yg bergelar doktor dengan si gerung dlm hal akademis gerung sudah kuliah s dmn,positive
kini jabat wantimpres feri amsari unggah video lama rocky gerung nyatakan sikap tegas tolak jabatan,negative
mbak siskaeee borong buku siap debat ma rocky gerung keren mbak siskaeee,positive
teknik elektronya di trisakti berdasarkan hasil wawancara dia dengan kumparan,neutral
rocky gerung menjilat ludahnya sendiri pernyataan tak sesuai dengan kenyataan,negative
kalau di rezim hitler ada heidegger di rezim prabowo ada rocky gerung,negative
gibran lulusan sd aja gak masalah yg penting dia cerdas kalo emang dia ngaku pernah kuliah tolong tunjukan kapasitas otaknya kalo dia pernah kuliah rocky gerung bkn profesor tpi otak cerdas layaknya profesor lah gibran ditanya warga gk bsa jwab pura micnya error,negative
katanya sih sang ateis sekarang sudah menemukan agama barunya rocky gerung lagi disindir karena dianggap sudah punya keyakinan baru,neutral
lah dia di kemenkeu kan kerja jadi pns biasa bukan pejabatnya ga bisa dibilang anti pemerintah dia cuma pengen bebas aja jadi influencer ntar juga tuaan dikit masuk oligarki sama aja kayak rocky gerung,negative
disclaimer dulu ini bahas rocky gerung yang belum tau pakai sumpah apa bukan bahas persoalan agama nanti ketrigger kejang kejang lagi kalo salah tangkep,negative
bayangkan ada rocky gerung ada hasan nasbi ada qodari di istana ini kalau ikut lomba debat sih tim super ini menang telak,neutral
penonton kecewa arsip digital perasaan malu dan reputasi rocky gerung,negative
najwa dilemahkan rocky gerung emang bohir wowok udah jelas tuh cuma kritik mulyono,neutral
bocil sama ibu handuk putih viral senin pagii turut hapsun sarapan day off carmen full video rocky gerung,neutral
adik vs kakak tiri main di kursi senin pagii turut hapsun sarapan day off carmen full video rocky gerung,neutral
rocky gerung bu di dompet isinya tikus,neutral
bocil sok imut kembali viral part senin pagii turut hapsun sarapan day off carmen full video rocky gerung,neutral
rocky gerung masuk dan konfirm setuju uwaw ternyata brisiknya nggak guna eh maaf saya lupa mengkritik juga bs dari dalam lingkaranbetul begitu maaaaaaf,neutral
yang lagi rame banget nih senin pagii turut hapsun sarapan day off carmen full video rocky gerung,neutral
a day in my life bocil yang lagi viral senin pagii turut hapsun sarapan day off carmen full video rocky gerung,neutral
kalo perubahan rocky gerung tuh dari rasa sakit juga ga yah,negative
suasana hati rocky gerung siang ini rocky girang banget hari ini,positive
mbak kasir indomaret yang lagi viral senin pagii turut hapsun sarapan day off carmen full video rocky gerung,neutral
rockynya yang gerung kitanya yang gering rocky giring mana nih mana sosok giring yang biasa menggiring isu isu absurd ini kesempatanmu boss merubah persepsi kaum apatis,neutral
dr dulu aku ga terlalu suka sama rocky gerung krn dy itu hanya kritis terhadap satu golongan tertentu percayalah adian napitupulu pun ketawa ngakak melihat penampakan ini akhirnya masuk dlm lingkaran prabowo bahkan anis baswedan pun tidak percaya kalau ini terjadi,positive
waktu rocky gerung kritis diluar orang yang mengidolakan dia ga ada yang buat dia kaya ga ada yang ngasih dia makan kenapa pas masuk pemerintahan orang langsung benci kacau pikirannya tukhh wkwkw,negative
𝗦𝗔𝗨𝗗𝗔𝗥𝗔 𝗦𝗔𝗨𝗗𝗔𝗥𝗔 dunia ini penuh dengan orang yang mendadak amnesia pada prinsipnya sendiri begitu ditawari jabatan dan uang 𝐘𝐚 𝐊𝐚𝐧 minggu happy weekend rocky gerung wantimpres,positive
bocil vs ayah tiri yang lagi viral senin pagii turut hapsun sarapan day off carmen full video rocky gerung,neutral
keponakan vs yang lagi viral senin pagii turut hapsun sarapan day off carmen full video rocky gerung,neutral
selamat menjalankan radikal breakhhhh dari dalam mas rocky gerung temanku dulu banyak yang memuja dia setinggi langit bahkan dia jadi simbol oposisi rakyat anti rezim jokowi ternyata sekarang yah dia sama saja bagian dari rezim cuma beda kubu saja kritik kritik,negative
teruslah mengkritik sampai kamu dilantik ttd disetujui oleh rocky gerung rocky girang,positive
gosah bahas masa depan masa sekarang aja saking sulitnya rangorang mau jadi apapun makanya rocky gerung mau masuk kolam,neutral
ibu tiri ngajak main anak tirinya senin pagii turut hapsun sarapan day off carmen full video rocky gerung,neutral
guru vs murid yang lagi viral senin pagii turut hapsun sarapan day off carmen full video rocky gerung,neutral
itu rocky gerung ato vicky prasetyo,negative
i love prabowo i love rocky gerung,positive
rocky gerung dan syahganda masuk pemerintahan itu sinyal prabowo masukin orang yg anti jokowi politic is politic,negative
bocil imut hijab yang lagi viral senin pagii turut hapsun sarapan day off carmen full video rocky gerung,neutral
sedungu dungu nya manusia itu ya si rocky gerung,negative
a day in my viral viral malming malam minggu rocky gerung angkatan mbah leginah turut rocky gerung,neutral
kehadiran pengamat politik sekaligus akademisi kritis rocky gerung di dalam jajaran wantimpres turut menjadi sorotan hangat publik,positive
rocky gerung from this skrng saya tdk ragu mengatakan presiden ke kita adlh bangan tol klu tawaran itu datang maka saya dgn cara seksama dlm tempo singkatsingkatnya menolak to this alasan gua menolak apa lmao what a hypocrite,negative
kata orang tua duluucapan adalah doa ternyata terbukti rocky gerung doanya diijabah menjadi dungu,negative
dari rocky gerung ini kita jadi tau memang ekonomi kita tidak baik baik saja dia saja pilih menyerah dan kerja ikuti arus dari pada terus mengkritik hal yang membangun tapi miskin,positive
presiden melantik anggota wantimpres pd hari jumat oktober publik tidak kaget ketika ada nama rocky gerung dalam daftar dewan tsb publik pastinya pingsan kalau tiba² muncul nama janggar krn kuatir dia kasih rekomendasi video bokep terlaris mingguan,neutral
cara cerdas menggunakan akal sehat untuk membuktikan dan menunjukkan siapa yang lebih bajingan tolol siapa yang lebih hina selamat kepada rocky gerung anda lebih hebat,positive
rocky gerung sudah sadar sadar menjadi dungu kembal,negative
emg knp sih kalo rocky gerung masuk pemerintahan,neutral
rocky gerung skrg goblok ya dlu aja keras bgt klo ngatain wiwi jujur gw sih sebenernya ga peduli mau dia kritik siapapun tp gw dari dlu ga srek bgt sama narasi raja jawa sounds racist as fuck,negative
yah kasian kawan gue ngefans banget ama rocky gerung wkwk,negative
gila ya di rezim sekarang tuh fungsi check amp balances udah ga ada anjir sakit jiwwaa semua orang yg ada di oposisi sampe independen ditarik ke pemerintahan coyy rocky gerung sampe masuk pemerintahan najwa shihab yg skrg udah ga vokal plot twist ayahnya ternyata dilantik,negative
kita terlalu fokus pada kasus lapas cibinong dan rocky gerung ampe terlewatkan uang koper m dalam kasus nusron wahid bijimane kelanjutannya ya,negative
ketika butuh tameng buat membela program mbg dan kopdes merah putih rocky gerung bersedia jadi bemper kita perlu mengingatkan pernyataan yang super tegas lugas seksama,positive
jusuf kalla said didu rocky gerung dgn jurusnya dah lolos tanpa ijazah,neutral
namanama tokoh pengkritik jokowi pendukung prabowo yang kebagian jabatan syahganda nainggolan rocky gerung jumhur hidayat selanjutnya siapa masih terus diusahakan dengan menjilat jilat prabowo berharap dilirik prabowo,negative
semua orang punya hak pilihan politiknya masingmasing termasuk rocky gerung dia sudah lama mengkritik dari luar tentu boleh dong kalau dia sekarang berada di dalam karena dia justru bisa melihat sendiri proses suatu kebijakan di buat dan mengkoreksi kesalahan sebelum di sahkan,negative
sana demo wantimpres rocky gerung kan dia bilang mbg adalah amanat konstitusi,negative
kata rocky gerung saat kritik kabinet prabowo rezim prabowo itu tidak bisa diperbaiki diganti ya kabinetnya dibatalin dulu,negative
ekonomi sedang tidak baik baik saja kawanrocky gerung saja nyerah,negative
rakyat yg miskin rocky gerung yg juta perbulan,negative
rocky gerung linglung,positive
kata rocky gerung saat kritik kabinet prabowo rezim prabowo itu tidak bisa diperbaiki diganti ya kabinetnya dibatalin dulu gimana tanggapannya bung,negative
rocky gerung salah satunya ya,negative
geli bgt aku ngeqrt pakai muka rocky gerung menyesal ill delete it mw membagikan penyesalan ak dulu,negative
rocky gerung najwa shihab pada kayak gitu udah ngga kaget gw,negative
kita liat aja nanti dia jd rocky gerung atau rocky girang atau rocky garong atau rocky gering hrs msk rs jiwa suntik mati aja sekalian banyak mengaruhi kebenaran tp dia jilat sendiri bacott nya aja yg gede coba apa yg akan dia kerjakan di situ,neutral
rocky gerung pernah bilang klo ijazah adalah tanda orang pernah bersekolah bukan tanda orang pernah berpikir,negative
gibran mbg stop dulu bawa bekal dari rumah rocky gerung mbg distop anak lu stunting nyangka gak lu pada ada di fase pola pikir gibran ketuker sama rocky gerung,neutral
terbayang oleh saya rapat wantimpres dan duduk bersama rocky gerung paman usman datuk thohir dan pratikno,negative
tidak heran rocky gerung jadi sumringah,negative
udah keliatan kok prabowo mau mengusir org titipan solo secepatnya salah satunya kapolri yg merupakan jabatan strategis kemudian watimpres masuk org yg benci jokowi syahganda dan rocky gerung,negative
rocky gerung dapet jabatan jadi rocky girang,positive
sekelas adian napitupulu bringas ketika turun demo bersama forkot teman nya ngilang masuk daftar nama sasaran culik bersma budiman giliran masuk partai berkuasa selama periode ga bisa ngapain dia buat rakyat apalagi rocky gerung yg cuma kritik ga berdarah,negative
di dalem aja yakaan kak pagii minggu sarapan mbah leginah hapsun cynthia rocky gerung,neutral
murid smp dipaksa abang kelas ampai nangis cuci minggu viral cynthia vinnie turut rocky gerung wantimpres terbaru elin hapsun calling aylio full video,negative
selebgram cut salwa terbaru part cuci minggu viral cynthia vinnie turut rocky gerung wantimpres terbaru elin hapsun calling aylio full video,neutral
ini yg kata rocky gerung sosialais kn tolol klian yg bisa d bodohi lebih tolol lagi yg ramein izasah gibran amp jkw mereka juga ko buat alat sampe agar rakyat lupa kekejaman yg sedang terjadi saat ini kita d bawa dlm imajinasi klo geng solo lenyap semua jdi baik,negative
kek rocky gerung jir,negative
kehebatan rocky gerung fakta sederhana bisa dibuat wow dengan bahasa intelektualyang fantastis menjilat ludah sendiri,positive
aktivis sehebat apapun dia bisa plinplan ketika masuk dalam pemerintahan termasuk rocky gerung,positive
in this economy rocky gerung pun menyerah,positive
ternyata rocky gerung agamanya islam ya,neutral
yg paling menarik dari semua yg dilantik presiden adalah di wantimpres karena ada bung rocky gerung dia akan jadi penjaga presiden paling garang jika ada yg memberi masukan salah atau bermotif ada udang di balik batu pasti akan ditolol tololkan tanpa tedeng aling,negative
desahan nya bikin om tambah semangat pagii jihan kitab mbah leginah honda rcv campaign minggu shame on you rocky gerung,neutral
wkwk kelen kudu pade rajin bayar pajek yee wkwk juta x orang kurleb milyar wkwk kesian kan klo ampe rocky gerung gak gajian wkwk,negative
udah di titik rocky gerung ngejilat jg,neutral
saya bersumpah rocky gerung dilantik dan bersumpah dibawah kitab apa minggu pagii,neutral
setelah memencet angka itu di kalkulatornya rocky gerung memutuskan berhenti pintardan menjadi bodoh tolol serta bersedia mengabdi pada bajingan tolol nikmatnya cuma tahun setelahnya rg akan susah dan ga akan dipercaya lagi oleh publik,negative
jgn pisahin bang biarin mereka cancel rocky gerung semua org akan dicancel mereka sampe mereka sadar kalo gak ada yg mau temenan sama kelompok mereka,negative
prabsky ternyata punya sense of humour yg tinggi berhasil mengumpulkan rocky gerung qodari paman usman dan syahganda dalam satu tongkrongan we lop you prabsky,positive
rocky gerung hanyalah seorang npd pembenci jokowi,negative
finally rocky gerung jadi kacung juga malah jadi bawahan qodari hehehe rung gerung,positive
rocky gerung adalah mas mas kiri jaman ngampus dulu sangat tajam tapi sekarang ya berada di barisan pns juga aman aja,neutral
yang busuk nalar rocky gerung dah jelas mbg bukan cuma rakyat miskin shg jebol defisit apbn rupiah jeblok diatas bahkan bikin beban rakyat harga jadi mahal miskin nya bertambah yg stunting ikut bertambah,negative
rocky gerung on his first day at work when hes passing gibran in the alley,neutral
sebagai person rocky gerung memang sangat terkenal namun sy penasaran adakah orang yg mengidolakan dia shg ingin menjadi atau berkarir sprt dia atau kalau orang tua berharap agar anaknya akan menjadi sprt dia,positive
mngkin skrng kita bisa sematkan nama rocky dengan sisipan dungu rocky dungu gerung,negative
rocky gerung masuk wantimpres ubedilah badrun antekantek prabowo,negative
dengan masuknya rocky gerung sebagai wantimpres nanti prabowo tak akan lagi memakai kosakata goblok setelah ini prabowo mengganti dengan kata dungu supaya lebih filosofis,negative
rocky gerung g nya gibran,negative
gibran gt rocky gerung,neutral
a day in my life versi murid dan guru kitab pagii hapsun honda rcv malming carmen rocky gerung,positive
ada yang tau saat di lantik jadi wantimpres rocky gerung di sumpah pakai kitab apa ya,neutral
bocil handuk putih lagi viral kitab pagii hapsun honda rcv malming carmen rocky gerung,neutral
quote tapi ferry irwandi ga nutup kemungkinan suatu hari berubah pikiran berarti ferry irwandi sama aja dengan rocky gerung preet,negative
bocil topeng ungu lagi viral kitab pagii hapsun honda rcv malming carmen rocky gerung,neutral
gua kaya masih denial rocky gerung masih pemerintahan saking shock ny,positive
bocil a day in my life lagi kitab pagii hapsun honda rcv malming carmen rocky gerung,positive
bukan murni bantu pemerintah tapi taktik prabowo buat bantu prabowo di makay dikasih jabatan makay si rocky gerung juga disumpel sama jabatan gitu aja g paham,negative
bocil cindo viral kitab pagii hapsun honda rcv malming carmen rocky gerung,neutral
bocil sok imut lagi viral kitab pagii hapsun honda rcv malming carmen rocky gerung,negative
akankah rocky gerung masih ngejek jokowi gibran bahlil dan qodari,neutral
drpd dipake menggaji orang rocky gerung mending mengangkat orang watimpres dr korban phk digaji umr klo watimpres semua diganti watimpres dr korban phk artinya bisa mengangkat watimpres,negative
kompilasi asupan pemersatu bangsa tngh ramai main dikosan ayang lurah vs sekdes lagi viral ojol jihan pagii hapsun kitab minggu rocky gerung uc share vcs,neutral
kamu konsisten mirip rocky gerung,negative
lah itu bener kak udh memperbaiki ekonomi ekonomi rocky gerung,negative
semua orang ngeluh ga ada orang bener di sistem dan mereka yang bener itu nolak buat masuk ke sistem cuman karena mereka gamau jadi busuk dan kalo ada dari mereka yang mau fix sistem dari dalam kayak rocky gerung langsung dikecam pls kalo bukan kita siapa lagi,negative
rocky gerung right now,positive
ngiler lihat rocky gerung,negative
ternyata rocky gerung juga butuh duit kenapa ga dari era jokowi aja,neutral
rocky gerung resmi jadi wantimpres prabowo rocky gerung resmi dilantik presiden prabowo sebagai anggota wantimpres di istana negara jumat sosok yang dikenal kerap mengkritik pemerintah kini masuk ke dalam,neutral
rocky gerung adalah sosok yg inkonsisten inkonsistensi adalah salah satu pemicu kerusakaan,positive
ekonomi lagi sulit makanya rocky gerung sampai menyerah,negative
kalau gak salah inget masa kampanye pilpres ada video acara di suatu gedung di mana prabowo memanggil satusatu orang yang akan dijadikan menteri rocky gerung salah satunya tolong cariin videonya,neutral
bilangnya cuma digesek tapi bohong malming pagii minggu sarapan rocky gerung day off wantimpres turut,negative
jokowi ijazahnya gak jelas rocky gerung agamanya gak jelas hanya orang dungu yang mengagumimu jokowi dan rocky gerung,negative
hehehehe rocky gerung di lantik pada ribut buat elo yg pada ribut klo nanti di lantik jg kaya si gerung gmn,negative
rocky gerung makan ketan hati bingung ingat mantan eeaaa nggak nyambung ehh,negative
iya rocky gerung aja belain mbg saking hopelessnya,negative
gue pernah liat video orang bilang kalo rocky gerung itu sebenernya kritis ke pejabat miskin dan akan bungkam ke pejabat atau pemimpin yang beruang well yaa gue percaya,negative
pengamat ubedilah badrun menilai frekuensi reshuffle menunjukkan kegagalan prabowo merekrut orang tepat untuk asta cita,positive
denny siregar dukung rocky gerung mending dia di dalam daripada istana dikuasai orangnya jokowi,negative
seneng nyaa liat kubu keok pada kepanasan dan kebakaran jembut liat kenyataan rocky gerung dilantik jadi wantimpres kasian banget sakit hatinya bertubi,positive
video terbaru neng putri melayu cynthia sarapan yankes kitab malming carmen rocky gerung flakes campaign,positive
si rocky gerung satu kolam sama termul juga,neutral
kita tunggu apakah presiden prabowo berubah setelah masuknya penasehat rocky gerung sebab percuma kalau presiden prabowo masih merasa lebih pintar dari parapara pakar guoblok jangan sampai miliaran rupiah dikeluarkan dari apbn hanya untuk menasehati batu,negative
rocky gerung langsung merasa girang karena dilantik,negative
pelantikan wantimpres dirusak oleh rocky gerung si duta dungu bayangkan dari orang selain rocky yg dilantik hilang dari peredaran media seperti ibu sinta nuriyah wahid satunya perempuan yg menjadi wantimpres seorang ibu seorang pejuang perempuan serta komunitasnya,negative
takut ama prabowo rocky gerung penakut,negative
rocky gerung takut prabowo,negative
debat panas rocky gerung vs furry irwandi full percakapan,positive
oke ekonomi sekarang emang berat bgt rocky gerung aja nyerah hftt,negative
siapa orang yang tidak mau jabatan dan uanghanya orang mati yg tidak mau uàngtapi rócky gerung lebih cerdas ketimbang yàng lainnyarocky memang hebatsayangnya roçky harus képleset masuk kélobang penjahat negaraotomatís harus mengikuti maunya otak kotór pénjahat,positive
kitab dungu rocky gerung minggu pagii jihan elin sarapan turut,neutral
rocky gerung yaa untungnya aku ga pernah percaya pada bacotnya hahaha,positive
rocky gerung sedang bersabda dia menganggap dirinya sebagai yang mahatahu dan mahakuasa selamat kepada rocky gerung silakan umbar pertimbangan anda ke presiden,negative
njir ada yang buat status ekonomi sekarang memang berat rocky gerung aja nyerah,negative
rocky gerung aja nyerah apa ini satu bukti bahwa perekonomian memang sedang susah,negative
kelen koq kecewa berat ama rocky gerung sih kek ga punya temen ngobrol yg berbobot aja,negative
masih ingat kata sang maestro dungu rocky gerung saat tawaran jabatan akan saya tolak dlm tempo yang sesingkat singkat nya juta cuma ongkang ongkang wantimpres gasssssss,neutral
in this economy semua butuh duit termasuk rocky gerung,neutral
abangabangan metal ditipu jokowi sjw progresip kegocek rocky gerung agamawan menjilat prabowo lengkap sudah keposeran bangsa ini,negative
gw inget banget nih dulu waktu ilc bu irma dikatain badut ama rocky gerung lah sekarang malah rocky gerung yang nge badut ke wowok,neutral
nah jelas kan sirocky ini penjual martabat yg ga laku laku juga coba perhatikan hihihi org org seperti rocky gerung koq dipercaya brengsek wong ga ono duit koq jd mau saja jd watimpreshihihihi rocky rockyrakyat indonesia seluruh indonesia akan mencatat tdk boleh lg asalan,negative
sebel bgt mimpiin rocky gerung jd pns sampe ngelindur ke nyokap gue,negative
coba tiru metode rocky gerung,neutral
dah betol rocky gerung dia teampenasihatwajarlahdimintai untuk menasihati omon omon,negative
gak nyangka bener gua mah kalo rocky gerung akan masuk kabinet,neutral
guru les dan murid kesayangan yang viral campaign malam minggu malming flakes rocky gerung turut hapus akun same person,neutral
bocil topeng ungu yang viral campaign malam minggu malming flakes rocky gerung turut hapus akun same person,neutral
hai rocky gerung disumpah pke kitab suci apa,neutral
bocil versi a day in my life yang viral campaign malam minggu malming flakes rocky gerung turut hapus akun same person,neutral
rocky gerung jumhur hidayat syahganda salah tiga dari mereka yang menjadi lawan politik bahkan membenci pak bukan ketiganya yang mampu menjadikan pak prabowo terpilih menjadi presiden tapi yang mereka benci dan menjadi musuh politiknya kurleb selama tahun itu,positive
main di sekolah enak juga campaign malam minggu malming flakes rocky gerung turut hapus akun same person,neutral
rocky gerung mbah leginah kitab,positive
terancam tahun penjara nakhoda km virgo transport arief yunianto resmi ditetapkan sebagai tersangka dan ditahan atas tragedi tenggelamnya kapal di perairan laut jawa rocky gerung wantimpres malming cut salwa,neutral
rocky gerung disumpah pake album bts jingg lucu bener,neutral
its so nice to have a smooth darling united vs northlondon legend rocky gerung malming malam minggu elin jihan,neutral
dari dulu yang aku lihat rocky gerung itu sebenarnya adalah orang yang dungu kalau debat sering ngotot dan asal ngomong gak pakai otak,negative
manis keimanan hanya bisa dirasa ketika musibah dan sakit malming malam minggu selamat hari batik nasional day off sip turut rocky gerung listing id elin wantimpres kitab kebangun campaign sepang malaysia motogp klia indonesia,neutral
manusia ada yang buat baik karna tulus ada juga berpurapura baik karna keperluan malming malam minggu selamat hari batik nasional day off sip turut rocky gerung listing id elin wantimpres kitab kebangun campaign sepang malaysia motogp klia indonesia,positive
sebenarnyalo tau ga sih jangan mencibir dulu rocky gerung baca sebentar ini jangan emosi setelah itu bebas pendapat nih tugas baru dia sebagai wantimpres pemberian pertimbangan ekses kebijakan sesuai visi presiden monitor situasi politik dan,negative
kmrn bilang gak ada alasan utk menolak sinting rocky gerung,neutral
rocky gerung pas ngambil sumpah jabatan pakai kitab islam ala prabowo,negative
kritik lawak lu cenblue tolol profesor aja dikatain bodoh apalagi cuma rocky gerung yang dibayar dia,negative
aji pratama komika standup comedy diomelin rocky gerung,neutral
mas setauku sampean dari dulu fans berat rocky gerung btw daripada ngomongin timnas ayok lah ngomongin idolamu nomor itu setelah nabi agung muhammad saw,positive
kata lucu rocky gerung disunat nangis banget mana adeknya ngomen gerindanya bang gerindanya ig rudiagergambar,negative
bung rocky gerung resmi jadi wantimpres ada momen unik jelang akademisi sekaligus pengamat politik indonesia rocky gerung dilantik menjadi dewan pertimbangan presiden wantimpres ri di istana merdeka jakarta jumat alihalih tegang dan berbicara dengan para calo,neutral
in this economy ok lah mungkin pilihan yang tepat buat rocky gerung pribadi tp percayalah lu bakal didoain jelek sama ribuan orang itu bahaya bgt asli gw selalu percaya orang kejam kaya mereka ini bakal ada balasannya sendiri nantinya mungkin bukan sekarang tp nanti,negative
selain dukungan deny siregar yg seperti itu memang kecerdasan bang rocky gerung saatnya perlu diabdikan untuk negara irama sama dengan bpk presiden prabowo yg ingin memakmurkan rakyatnya ke pasal uud,positive
setuju tiga timses aniesimin malah jadi pejabat penting jumhur syahganda rocky gerung kalau mau bagi kue kekuasaan harusnya diberikan ke mereka yang berjuang untuk memenangkannya,positive
rocky gerung mba,positive
a day in my life bocil sd terbaru mbah leginah malming rocky gerung minggu tidur pagii sarapan,neutral
jadilah rocky gerung,positive
ibu guru dan murid kesayangannya malming malam minggu mbah leginah rocky gerung jihan indomy streaming cup turut wantimpres pltp ungaran,neutral
ukhti hijab main di mobil malming malam minggu mbah leginah rocky gerung jihan indomy streaming cup turut wantimpres pltp ungaran,neutral
bilangnya cuma di gesek malming malam minggu mbah leginah rocky gerung jihan indomy streaming cup turut wantimpres pltp ungaran,neutral
pagii pagiii sarapan malam minggu siang malming rocky gerung mbah leginah jihan vcs,neutral
bocil sok imut viral part malming malam minggu mbah leginah rocky gerung jihan indomy streaming cup turut wantimpres pltp ungaran,negative
malam minggu malming rocky gerung mbah leginah jihan vcs,neutral
rocky yang sekarang sudah girang di banding tahun lalu yang selalu gerung terhadap rezim oslo,negative
andini permata bocil viral jihan malming malam minggu rocky gerung mbah leginah qodari denpasar,neutral
ternyata jago ya mana enak bgt malming rocky gerung malam minggu jihan mbah leginah chizzy turut wantimpres elin dirumah malam minggu,neutral
rocky gerung setuju lamine yamal butuh mbg,positive
a day in my life versi anak kecil jihan malming malam minggu rocky gerung mbah leginah qodari denpasar,neutral
bocil sampe kesakitan jihan malming malam minggu rocky gerung mbah leginah qodari denpasar,neutral
bocil handuk putih viral jihan malming malam minggu rocky gerung mbah leginah qodari denpasar,neutral
rocky gerung yapping,positive
jujur sayakhhh kecewa sama andakh bungkhh rocky gerung,negative
malu tapi mau enak katanya malming rocky gerung malam minggu jihan mbah leginah chizzy turut wantimpres elin dirumah malam minggu dada,neutral
goyang asoy bokeplokal spesial malam minggu tasya model cindo ibu tiri vs anak tiri dilahan sawit rara goyang di salon rocky gerung doodstream mbah leginah videy vidio sleepcall netflix,neutral
bilqis seleb banyuwangi bocil a day in my life ayah vs anak tiri jihan malming malam minggu rocky gerung mbah leginah qodari,neutral
amalia mutya part viral jihan malming malam minggu rocky gerung mbah leginah qodari,neutral
bocil nangis kesakitan jihan malming malam minggu rocky gerung mbah leginah qodari,negative
malay nih kyk rocky gerung amis,neutral
bocil handuk putih viral jihan malming malam minggu rocky gerung mbah leginah qodari,neutral
kaya rocky gerung ngincar jabatan,neutral
setelah tau busuknya rocky gerung jadi kasian sm mahasiswa ini dulu dia pernah di hujat abies gr² kritik etika sopan santun rg tapi pake bahasa yg nyentrik intinya dia kritik rg yg jadi pembicara didepan mahasiswa dengan kaki diangkat ke meja dia bilang rg cuma,neutral
bilqis banyuwangi bocil nangis kesakitan versi anak kecil a day in my life jihan malming malam minggu rocky gerung mbah leginah qodari,neutral
hijab malay main dimobil jihan malming malam minggu rocky gerung mbah leginah qodari,neutral
bocil cindo baju oren viral jihan malming malam minggu rocky gerung mbah leginah qodari,neutral
bocil a day in my life jihan malming malam minggu rocky gerung mbah leginah qodari,neutral
jujur ga bisa tidur sebelum tau rocky gerung disumpah pake kitab apa,negative
bocil cindo yang lagi rame jihan malming malam minggu rocky gerung mbah leginah qodari,neutral
mau tau buruknya ekonomi sekarang rocky gerung aja jadi wantimpres anjgggg,negative
bukti in this economy rocky gerung aja nyerah,positive
masih mikir ekonomi gak berat rocky gerung aja nyerah,negative
asupan bkep trending samping anak a day in my life banyuwangi bilqis malming malam minggu jihan rocky gerung videy vcs terabox,neutral
bilqis banyuwangi viral bocil cindo baju oren bocil a day in my life jihan malming malam minggu rocky gerung mbah leginah,neutral
ya nggak kagetlah dalam beberapa bulan terakhir si rocky gerung ini terlihat membela prabowo,negative
sampe nangis kesakitan jihan malming malam minggu rocky gerung mbah leginah,negative
wdyt soal rocky gerung gabung circle istana,neutral
menarik melihat rocky gerung berada dalam susunan wantimpres kritik dan kekuasaan tidak selalu harus berada di dua sisi yang terpisah dalam sebuah institusi perbedaan pandangan justru bisa menjadi bahan pertimbangan selama disampaikan dengan argumentasi,positive
anggota wantimpres telah resmi dilantik yang membuat susunan ini menarik adalah keberagaman figur di dalamnya ada tokoh yang pernah berada di pemerintahan ada dari dunia usaha agama hukum dan ada pula rocky gerung yang dikenal lewat pemikiran kritisnya,positive
bocil sok polos lagi viral malming rocky gerung malam minggu jihan mbah leginah wantimpres qodari,neutral
pratikno sebagai ketua dan hatta rajasa sebagai wakil akan memimpin wantimpres dengan komposisi anggota salah satu nama yang mencuri perhatian adalah rocky gerung peran dan masukan mereka nanti tentu lebih penting daripada sekadar siapa yang dilantik,positive
perjalanan rocky gerung memasuki babak baru dari sosok yang selama ini banyak mengomentari jalannya kekuasaan kini ia menjadi salah satu orang yang secara formal diminta memberikan pertimbangan kepada presiden menarik melihat bagaimana perubahan konteks ini memengaruhi,positive
lagian lu yg pd percaya omongan rocky gerung trs anggep dia dipihak rakyat tuh liat gk sih track recordnya dari jaman wowo vs owi jg dia all out utk wowo,negative
bocil a day in my life lagi viral malming rocky gerung malam minggu jihan mbah leginah wantimpres qodari,neutral
pov rocky gerung day rapat eekkhheekkhh begini sodarakhh menurut saya itu tidakhh benarkhh ada yg janggal didalamnya itu eeekkhh,neutral
bocil cindo nungging lagi viral malming rocky gerung malam minggu jihan mbah leginah wantimpres qodari,neutral
lagian knp demen bgt dengerin rocky gerung berceloteh,negative
sekarang saya telah memiliki alat yang murah untuk mengukur kecerdasan dan mindset masyarakat kitakalau sekaran ada masyarakat atau pengamat politik yang mendengar atau membahas narasi nya rocky gerungdapat saya pasti kan orang itu sangat dungu,positive
bocil sok imut lagi viral malming rocky gerung malam minggu jihan mbah leginah wantimpres qodari,neutral
rocky gerung di wantimpres akan menjadi fenomena yang menarik untuk diamati bukan semata karena kontroversi masa lalu tetapi karena ia kini menjalankan peran yang berbeda dari luar struktur kekuasaan menuju ruang formal yang dekat dengan pusat pengambilan keputusan,positive
rocky gerung disumpah pake buku rpul,neutral
saya kira menarik mengikuti babak baru rocky gerung di wantimpres selama ini publik mengenalnya melalui ruang diskusi tulisan dan kritik sekarang ia berada di lingkungan yang lebih institusional apakah pendekatan dan gaya berpikirnya akan tetap sama kita lihat nanti,neutral
rocky gerung jadi wantimpres janji kritik prabowo menit kembali disorot,positive
tan malaka terbentur terbentur terbentuk rocky gerung kritik kritik dilantik,negative
yang menarik dari berita ini bukan hanya rocky gerung ada nama dalam wantimpres dengan latar belakang yang sangat beragam pratikno dan hatta rajasa memimpin sementara anggota lainnya membawa pengalaman dari berbagai bidang ke dalam lembaga pertimbangan presiden,neutral
dalam politik perubahan posisi seorang tokoh sering kali menarik untuk diamati rocky gerung kini menjadi anggota wantimpres setelah lama dikenal sebagai pengkritik pemerintah publik tentu akan melihat bagaimana peran barunya berkembang,positive
ada perbedaan antara berbicara tentang kekuasaan dan memberikan pertimbangan langsung kepada kekuasaan rocky gerung kini berada di ruang kedua karena itu posisi barunya di wantimpres akan menjadi pengalaman yang menarik untuk diikuti,positive
prabowo melantik wantimpres di istana pada oktober pratikno menjadi ketua dan hatta rajasa wakil ketua rocky gerung termasuk anggota komposisi ini mempertemukan figur dengan pengalaman yang sangat berbeda dalam satu lembaga,positive
nama rocky gerung di wantimpres mungkin membuat banyak orang bertanyatanya tetapi menariknya justru ada pada proses setelah pelantikan bagaimana seorang figur yang dikenal kritis menjalankan fungsi pertimbangan ketika sudah berada dalam lembaga resmi negara,positive
bocil handuk putih lagi viral malming rocky gerung malam minggu jihan mbah leginah wantimpres,neutral
rocky gerung kena sentil tak perlu kutip istilah filosofis jika ingin ikut nikmati kekuasaan,negative
masih heran klo rocky gerung dibilang sosialis dulu aja dukung sri mulyani buat jd presiden sampe bikin partai segala wkwk dia jg ga suka purbaya dan pengen dia diganti chatib basri mungkin ideologinya sosialisme borjuis seperti kata kang ubed,negative
bocil a day in my life lagi viral malming rocky gerung malam minggu jihan mbah leginah wantimpres,neutral
saya justru tertarik melihat apa yang akan terjadi setelah sorotan terhadap pelantikan mereda rocky gerung sudah dilantik pratikno dan hatta rajasa sudah memimpin sekarang ukuran yang lebih penting adalah bagaimana lembaga ini bekerja dan memberi pertimbangan,positive
para aktivis tokoh oposisi sepertinya patah hati sama rocky gerung,negative
rocky resmi dilantik sebagai wantimpres oleh presiden prabowo pada jumat kemarin di istana kepresidenan jakarta terpilihnya rocky gerung sebagai wantimpres ramai disorot publik sebab selama ini rocky lekat dengan kritikannya terhadap pemerintahan,negative
bocil cindo lagi viral malming rocky gerung malam minggu jihan mbah leginah wantimpres,neutral
masuknya rocky gerung ke wantimpres memperlihatkan bahwa hubungan antara kritik dan kekuasaan bisa bergerak dinamis hari ini seorang pengkritik bisa berada di luar besok bisa berada di dalam institusi yang terpenting adalah bagaimana prinsip dan argumentasi dijalankan,positive
hastag rocky gerung,neutral
kompilasi blunder selebgram yang tngh ramai minggu ini banyuwangi bilqis iris nicole hani siregar ready vcs malming dirumah jihan rocky gerung turut wantimpres mbah leginah,neutral
pusing bgt liat meme rocky gerung dimana mana,negative
rocky yang dulu gerung sekarang udah girang,neutral
bocil main sama keponakan lagi viral malming rocky gerung malam minggu jihan mbah leginah wantimpres,neutral
now i understand kenapa temen gue yang anak filsafat have a personal beef with this rocky gerung guy,negative
bocil sok polos lagi viral malming rocky gerung malam minggu jihan mbah leginah wantimpres,neutral
alasan rocky gerung mau jadi wantimpres prabowo saya cuma pindah dari luar ke dalam alasan gue menolak apa ujarnya rocky gerung mengurai alasannya mau jadi anggota dewan pertimbangan presiden wantimpres prabowo subianto,negative
memangnya rocky gerung beragama islam sehingga disumpah menggunakan alquran,neutral
mama adel reva ikut tertawa melihat jejak digital rocky gerung,neutral
bocil sok imut lagi viral malming rocky gerung malam minggu jihan mbah leginah wantimpres,neutral
rocky gerung nek gak enak awak dadi rocky gering,negative
rocky gerung pas di sumpah itu pake kitab apaan dah,neutral
guys kita sudah sampai dimana rocky gerung menyuarakan mbg in a ngejilat rezim way,negative
mungkin karena niatku pingin sogeh adalah untuk bisa tuku rocky gerung mangkane gak di approve,positive
rocky gerung dilantik wantimpres oleh presiden ri ya berarti bisa dipercaya dong apa mau protes sama presiden ri,neutral
gatau gw dicap polos apa engga tapi gw udah sering kritis dari era jaman jokowi sebelum naik gw liat atu mana yg oposisi mana yg sesircle dulu kan ada kecebong ama kampret nah si gerung ini emang udah vocal dari dulu smpe jamannya prabowo bisa diliat trackrecord si rocky,negative
adik dan kakak yang lagi viral malming rocky gerung malam minggu jihan mbah leginah united vs northlondon legend,neutral
to think the unthinkable tai rocky gerung,neutral
prank kurir shopee yang lagi viral malming rocky gerung malam minggu jihan mbah leginah united vs northlondon legend,neutral
adik sama kakak yang gamau kalah viral malming rocky gerung malam minggu jihan mbah leginah united vs northlondon legend,neutral
salfok sama adek temennya malming rocky gerung malam minggu jihan mbah leginah united vs northlondon legend,neutral
malu tapi mau enak katanya malming rocky gerung malam minggu jihan mbah leginah chizzy turut wantimpres elin dirumah malam minggu,neutral
rocky gerung sering bilang dungu kan ya every accusation is a confession i guess,negative
menit setelah rocky gerung di lantik,positive
lebih ajaib lagi kok rocky gerung mau dilantik bareng paman gibran amp qodari artinya dia lebih dungu dari termul,positive
rocky gerung malah jadi cak imin jingg itachi wannabe,neutral
gaji wantimpres seperti rocky gerung itu sekitar rp jutabulan dan ini diambil dari apbn artinya dari duitnya rakyat belum fasilitasfasilitas amp ceperan lainnya,neutral
rocky gerung tidak mau mengkritik mbg karena dia merasa gagalnya mbg disebabkan oleh anggaran yang kurang i mean dari data ini saja sudah bisa ditafsirkan kenapa anggaran tersebut kurang dengan kabinet gemuk tapi hasil yang tidak efisien pastinya,neutral
mbg mampu menghancurkan logika seorang rocky gerung udah nggak ada lagi akal sehatnya,negative
dikritikdijilatdilantik rocky gerung gue nggak mau dikasih jabatan gue mau tetap jadi kritikus,negative
nilai riil tabungan dapat tergerus inflasi ketika pertumbuhan bunga lebih rendah daripada kenaikan harga barang dan jasa rocky gerung axa mandiri,positive
coba keadaannya dibalik prabowo yang menjabat dari kemarin infrastruktur yg dibangun jokowi mustahil dibangun prabowo hutang negara kita itu buat bayar mbg bukan whoosh kita bakal lihat rocky gerung bodoh yang bela matian pemerintah dengan dalih filsafat,negative
ekonomi lagi berat rocky gerung aja nyerah,negative
ekonomy berat bro rocky gerung aja nyerah,negative
rocky gerung dungu nya bukan maen,negative
investasi menawarkan potensi imbal hasil lebih tinggi untuk membantu mengembangkan nilai dana sesuai tujuan keuangan rocky gerung axa mandiri,positive
tabungan memiliki risiko relatif rendah karena nilai nominalnya cenderung stabil dan mudah diakses saat dibutuhkan rocky gerung axa mandiri,positive
malming pada mau kemana nih rocky gerung wantimpres,negative
feri amsari unggah video lama rocky gerung yang nyatakan akan tolak jabatan,negative
menabung umumnya cocok untuk kebutuhan jangka pendek karena lebih mudah diakses saat dibutuhkan rocky gerung axa mandiri,positive
bearti omongan rocky gerung dari dulu itu cuma peraepsi,neutral
menabung adalah langkah sederhana untuk membangun keamanan finansial dan mempersiapkan kebutuhan di masa depan rocky gerung axa mandiri,neutral
menabung penting untuk membangun kesiapan finansial mencapai tujuan dan menghadapi kebutuhan tak terduga tanpa mengganggu kondisi keuangan rocky gerung axa mandiri,positive
naik jabatan kaya rocky gerung,neutral
rocky gerung dan para aktivis yg skrg menjabat di instansi pemerintah,negative
nggak manuk akal seorang rocky gerung jadi anak buah si gibran,negative
selamat rocky gerung berikan kuliah umum ke para menteri tentang dalil konstitusi dan pikiran pikiran yang tidak di mengerti prabowo gaspol rocky gerung,neutral
rocky gerung rocky girang,positive
rocky gerung ya ludah ludah gw sendiri ya gw nikmatin lah benefit mantep cuy gak ada alasan guwa tolak rakyat jg gak ada alasan nolak kan klo dapet bansos setali tiga uang sama semua,negative
memangnya rocky gerung waktu sumpah jabatan pake kitab apa,neutral
rocky gerung masuk wantimpres netizen langsung main satire rocky girang garing sampai kurung,negative
tan malaka terbentur terbentur terbentuk rocky gerung kritik kritik dilantik bedanya jauh banget,negative
contohnya rocky gerung,positive
gak kaget sih rocky gerung dilantik karena menurutku dulu kritik dia ke jkw itu menyasar secara personal dia benci scr personal jadilah skrg direkrut jadi sekutu prabowo bukan bela jkw tapi buzzer anti jkw itu biasanya buzzer nya wowok,negative
presiden prabowo subianto resmi melantik anggota dewan pertimbangan presiden wantimpres di istana negara jakarta jumat oktober rocky gerung menjadi salah satu anggota yang dilantik,neutral
suka ada promo diskon listrik amp qris serba seribu di apk shopee pay yg baru install pakai kode referal biar dpt free saldo rp caranya gunakan kode referral shopeepay ffjwvwp pas login klaim reward di halaman undang teman day off rocky gerung malming mbah leginah,neutral
berkamuflase ekspresi gembira polisi usai temukan ladang ganja yang ditaman di kebun singkong malming turut elin lenteng agung rocky gerung wantimpresmbak leginah jihan,positive
udah gak tahan lihat berita rocky gerung duduk satu meja dgn si usman sama qodari,negative
tim opsnal satresnarkoba polres pesisir selatan mengamankan tersangka my di kampung gurun panjang utara malming turut elin lenteng agung rocky gerung wantimpresmbak leginah jihan,positive
nakhoda km virgo transport resmi jadi tersangka berinisial ay telah ditetapkan sebagai tersangka dan ditahan di rutan polda kalimantan selatan terkait kasus tenggelamnya kapal di perairan laut jawa malming turut elin lenteng agung rocky gerung wantimpresmbak leginah jihan,neutral
mantep ni rocky gerung,negative
wkakwkw ayah gw kecewa berat dgn rocky gerung sampe gapercaya sama beritanya gue yg kirim terus pas disuruh baca sendiri dia gamau wkqkwkwkwkw,negative
akhirnya rocky gerung punya kerjaaan hasil dari jt lapangan pekerjaan,neutral
polisi gagalkan penyelundupan kilogram sabu di pelabuhan bakauheni malming turut elin lenteng agung rocky gerung wantimpresmbak leginah jihan,positive
hahaha hidup rocky gerung,positive
polda sumut tangkap dua mantan pekerja judol kamboja buka situs di sumut hingga punya anggota malming turut elin lenteng agung rocky gerung wantimpresmbak leginah jihan,neutral
rocky gerung apakah otak pak gibran itu masih perlu dicharge,neutral
kasus narkoba dibongkar di kota kediri tersangka diamankan malming turut elin lenteng agung rocky gerung wantimpres,positive
ekonomi sekarang emang berat guys rocky gerung aja ampe nyerah,negative
rocky gerung sing a song ooh ooh ooh yeesss iam a great pretender,negative
satresnarkoba polres dharmasraya menangkap seorang oknum pns berinisial fr yang diduga terlibat kasus penyalahgunaan narkotika jenis sabu malming turut elin lenteng agung rocky gerung wantimpres,positive
rocky gerung sama najwa shihab kah wkwkwk,positive
prabowoteddy rocky gerung jadi penghulunya,neutral
selebtok indo blunder yng tngah ramai nih sayang bilqis luvena danendra banyuwangi chizzy rocky gerung qodari turut elin malming netflix youtube premium,neutral
adek nya lagi main game malah di masukin rocky gerung jihan elin malming malam minggu chizzy mbah leginah,neutral
dengan masuknya rocky gerung ke pemerintahan beliau harus menerima risiko psikologipolitik dengan hilangnya kepercayaan publik yang mungkin bisa terjadi hingga akhir hayatnya tergantung seberapa lama memori publik bertahan,negative
ketika negara seperti tak ada oposisi dalam sistem institusional kita otomatis membutuhkan oposisi sipil di luar sistem ekstraparlementermasyarakat namun sayangnya tokohtokoh kritis seperti rocky gerung malah tergiur oleh jabatan di pemerintahan,negative
rocky gerung aja udah menyerah,positive
semua akan rocky gerung pada waktunya yaaa wkwk,positive
job baru rocky gerung,positive
kita tunggu aksi rocky gerung dan aksi netizen,negative
enak nya punya ayang mulus united vs northlondon legend rocky gerung malming malam minggu elin jihan,neutral
rocky gerung kenapa dah,negative
rocky gerung sekarang jadi rocky garong,neutral
video probadi selebgram malming malam minggu mbah leginah jihan rocky gerung united vs northlondon legend,neutral
rocky gerung sekarang udah ganti pke knalpot pabrikan jadi rocky geyung,neutral
ekonomi sekarang beneran berat kayanya ya wong bung rocky gerung aja akhirnya nyerah juga,neutral
dari rocky gerung kita belajar bahwa,positive
direktorat reserse narkoba polda sumut menggagalkan penyelundupan kg sabu jaringan laut malaysiaaceh dan menangkap tersangka di kabupaten aceh timur malming turut elin lenteng agung rocky gerung wantimpres,negative
rocky gerung dungu munafik jadi pejabat,negative
malam minggu malming rocky gerung mbah leginah jihan ready,neutral
dua kata lucu rocky gerung,positive
filsuf gak hanya rocky gerung gayanya mmng begitu bukan karena sok pintar melainkan sudah menyerap esensi filosofi setiap aspek kehidupan itu sendiri kitanya aja kadang terlalu mudah tersinggung sehingga cenderung menilai org pintar sebagai kompetitor yg hrs dikotak,positive
irma chaniago sindir rocky gerung,positive
ngecas dua duanya bareng kakak ipar malming sabtu malam minggu mbah leginah rocky gerung wantimpres turut,neutral
dia ngomong saat diluarkita lihat nanti saat di dalam bgmn lihat sj skrg rocky gerungberani tdk maki prabowo seperti dulu saat presidennya jokowi,negative
bilangnya cuma digesek tapi bohong malming sabtu malam minggu mbah leginah rocky gerung wantimpres turut,neutral
bocil so imut viral terbaru malming sabtu malam minggu mbah leginah rocky gerung wantimpres turut,neutral
bukti lulus filsafat susah cari kerja rocky gerung dungudunguin jokowi tahun baru dapet offering letter dari prabowo kemarin,neutral
masuknya rocky gerung sosok yg selama ini dikenal kritis terhadap pemerintah dibaca sbg sinyal keterbukaan prabowo thd suara oposisi bukan cuma merangkul pendukung rocky sendiri menegaskan perannya fokus kritis terhadap kebijakan evaluasi substantif berbasis analisis,negative
rocky gerung margarito kamis secara teori ini bisa menghasilkan pertimbangan yang lebih multidimensi dibanding dewan yang homogen,negative
roky gureng di dalam kabinet om wah benar benar idealis sejati padahal obrolan dengan feri amsari jawaban beliau si gerung jelas dan tanpa berpikir dengan tempo sesingkat singkatnya akan menolak kalau rocky gureng ya ndak tahu kok nanya saya,negative
bilqis banyuwangi yang lagi viral mbah leginah malam minggu chizzy malming rocky gerung turut elin united vs northlondon legend jihan angkatan,neutral
banvsatt in this economy rocky gerung aja nyerah dan gabung rezim,positive
media yg paling konsisten mengikuti memproduksi amp menjadi wadah utama bagi narasi rocky gerung adl jaringan media alternatif amp independen forum news network fnn via yutup rocky gerung official rgo yutup hersubeno point salah satu pendiri fnn amp kanal off the record fnn,positive
rocky gerung disunat,positive
gue ngliat situasi indo lngsng kebayang situasi pas dajjal muncul kek rocky gerung gitu kli ya,neutral
bocil sd a day in my life yang viral mbah leginah malam minggu chizzy malming rocky gerung turut elin united vs northlondon legend jihan angkatan,neutral
belom lagi banyak staff presiden kayak rafi ahmad cs rocky gerung dsb udah kayak ape ye,negative
pencapaian terbesar abad ini rocky gerung jadi bawahan gibran,positive
pencalonan rocky gerung ko ga ada seskab teddy buna yaa,positive
bocil nangis kesakitan mbah leginah malam minggu chizzy malming rocky gerung turut elin united vs northlondon legend jihan angkatan,negative
bukan rocky gerung tapi rocky karung,negative
dr syahrir mentor rocky gerung,negative
welcome rocky gerung,positive
mau tanya berarti sekarang rocky gerung anak buahnya gibran bukan ya,neutral
ohh jadi inilah argumentasi cerdas rocky gerung yang membuatnya diangkat jadi watimpres mbah leginah chizzy angkatan jihan,positive
rocky gerung berubah menjadi girang sekarang jadi anak buah fufufafa alamak wak,negative
bukan rocky gerung lagi dong rocky meong,positive
kalo ga ada qrt ak bakal kira rocky gerung,negative
rocky gerung yaudah lah ya gue sih agak bengong prof quraish shihab gus yahya sama bu sinta nuriyah wahid dilantik jd dewan pertimbangan presiden jg,negative
bocil vs yang viral malming sabtu malam minggu mbah leginah rocky gerung day off wantimpres turut,neutral
auto translatenya ngebuat gw mikir rocky gerung setara socrates njir,negative
nanti kalau debat rocky gerung duduk bersebelahan dengan qodari sementara di bagian lainnya ada fery amsari sama dandy,neutral
bukan hanya rocky gerung yang mampu menggerung saya brad pitt kebayoran juga bisa nih,negative
selamat untuk para penjilat istana dari rocky gerung jadi rocky girang dulu teriak lingkaran setan sekarang minta gabung di dalamnya selamat menikmati kursi empuk istana idealis sampai dapat jabatan tamat,neutral
syahganda rocky gerung itu emng pndkung wowo gris keras mreka ninggalin wowo krna benci jokowi aja mknya wowo rekrut mreka,negative
ada benernya juga yak bhw om rocky gerung itu orang yg egosentris,negative
sudah bukan lagi rocky gerung yg di acaranya aiman karni ilyas atau di forum ilmiah lainnya tapi udah jadi rocky gerung yg menyembah prabowo dengan kedunguannya,neutral
lagi rame soal rocky gerung tahun lalu jauh sebelum rg dilantik jadi wantimpres guru gembul sudah memprediksi bahwa ini semua akan terjadi dan sekarang semua itu terbukti rocky gerung yg kita kenal sudah mati dan jasadnya telah dikebumikan di istana,neutral
bukan hanya rocky gerung orang orang indonesia yang lain juga akan memiliki sikap yang sama dengan rocky gerung ketika ditawari jabatan dengan gaji besar dengan kata lain setiap orang itu memiliki kecendrungan yang sangat tinggi untuk menjadi munafik,positive
mungkin ini yang bikin najwa shihab dan rocky gerung sekarang hampir nggak pernah kelihatan mengkritik pemerintah lagi,negative
mba husna adeuh banget euy rocky gerung malming generation malam minggu cat b presidential advisory council,neutral
blackmaria pink beuh euy rocky gerung malming generation malam minggu cat b presidential advisory council,neutral
ga ragu ni si rocky gerung,negative
salah satu closing statement rocky gerung yang paling kusuka gue nggak mau dikasih jabatan gue mau tetap jadi kritikus lain dulu lain sekarang sekarang beliau justru menjabat sebagai wantimpres dari kritikus jadi bagian dari lingkaran kekuasaan sekarang satu,negative
mirip rocky gerung mirip odgj mirip anak autis mirip fufufafa mirip anak slb,negative
rocky gerung gabung di pemerintahan udah menjadi mas mas biasa pada umumnya yaitu dungu,positive
rocky gerung selamat harga diri lu bakal diinjakinjak sama jejak digital lu sendiri wkwkwkkwkwk,neutral
justru itu setelah ketemu megawati rocky gerung di angkat bego dan listyo sigit kacung nya jokowi di amputasi sementara di watimpres,negative
kapolda baru usai suyudi dilantik kalau rocky gerung jadi watimpres,neutral
yang stunting itu otaknya si rocky gerung,negative
rocky gerung ada,neutral
rocky gerung berulang kali menyerang independensi politik prabowo sebelum resmi menjabat masuknya gibran dan loyalis solo ke dalam gerbong prabowo sebagai bentuk kompromi pragmatis yang merusak etika demokrasi,neutral
malming turut ikut rocky gerung,negative
dulu rocky gerung skrng rocky garing,negative
anjinggg ada yang bikin status ekonomi sekarang memang berat rocky gerung aja nyerah,negative
rocky gerung ketika jadi pengkritik rocky garong ketika jadi watimpress,positive
bagi kalian yang ngelamar kerja di summarecon di bidang dan penempatan apapun ada yang tahu kenapa saya belum nenerima info lanjutan lamaran terakhir agustus deadline pendaftaran lamaranku september malming malam minggu rocky gerung,neutral
finallyrocky tidak gerung lgi,negative
slamet ke malam minggu an pak bakom yg baru cobak dengerin inihhhh yang men distorsi pemikir an presiden itu bukan algoritma bukan ai melainkan mulutnya sendiri malming angkatan rocky gerung,negative
budak melayu viral malming malam minggu rocky gerung angkatan mbah leginah turut rocky gerung,neutral
prabowo lantik wantimpres dan bakom ri baru ada pratikno hatta rajasa hingga rocky gerung,positive
level hatred dia ke sty itu kira selevel lah dengan hatred nya rocky gerung ke jokowi,negative
wowwww amajing sekali gosip apa ini sungguh di luar prediksiii jayajayajayabisa langsung trending di hot topik ini ngalahin rocky gerung gw aja lagi melow ini mah namanya mencari kesempatan di dalam kekecilan,positive
a day in my life malming malam minggu rocky gerung angkatan mbah leginah turut rocky gerung,neutral
apa mungkin pak rocky gerung dijadikan watimpres untuk mengajari logika aparat pemerintah,negative
konten a day in my life malming malam minggu rocky gerung angkatan mbah leginah turut rocky gerung,neutral
tapi seorang rocky gerung disamain sama septon,negative
indonesia tidur besok siang makan mbg lagi biar tahun iq jadi setara rocky gerung,neutral
semua akan rocky gerung pada waktunya,positive
sebel bgt liat rocky gerung ewww,neutral
sikap etik rocky gerung dan paradoks nalar publik,negative
rocky gerung tegas menolak tawaran istana,negative
rocky gerung kalo udah masuk istana jadinya rocky girang,neutral
termulwati dari nasdem iri dan panas dingin lihat rocky gerung jadi wantimpres,negative
quraish shihab amp rocky gerung awoakwoakwokaowkaowkaowka pantes aja,positive
aku penasaran jujur di janjiin apaan dah si rocky gerung ntu,positive
nyari gratisan dapatkan bonus rb saldo shopee pas install aplikasi shopeepay dan pake kode referral ini pas login eqyhazqe harap upgrade ke shopeepay plus untuk klaim bonus job receh info freelance rocky gerung malam minggu malming,neutral
rocky gerung menghindari forumforum akademis atau debat terbuka sebagai bentuk ketakutan diuji oleh gagasan murni,neutral
presiden prabowo subianto melantik anggota dewan pertimbangan presiden wantimpres pada jumat oktober ada pratikno hatta rajasa rocky gerung chairul tanjung hingga sejumlah tokoh nasional lainnya dalam jajaran baru ini,neutral
bocil sd yang lagi viral nih rocky gerung malam minggu malaysia angkatan king indo ina liem mkmk turut elin day off qodari malming,neutral
anjingg gua baru inget pts kemarin di mapel indo bagian esai gua jawab rocky gerung sebagai tokoh fav gua and why gua memilih rocky gerung karna blio seorang kritikus yg sering mengkritik pemerintah dan berawasan luas damn guru bindo apa ga ngakakin esai gua tuh,neutral
ga cocok jadi rocky gerung panggil dia rocky girang,positive
bibit unggul malam minggu rocky gerung angkatan malming,neutral
artinya negara kita sedang mengalami krisis sekelas rocky gerung aja sampai nyerah,negative
malming rocky gerung malam minggu malaysia angkatan king indo ina liem mkmk turut elin day off qodari malming,neutral
wkwk rocky gerung dilantik jd buzzer,positive
bener gibran nyerang mbg aja langsung dia serang balik mau lengserin gibran dari wapres kalo anies masuk ke pemerintah dan harus puji puji mbg kaya rocky gerung kayanya engga deh ya terbukti juga dari dulu blio konsisten sama prinsip tapi ga ada yg tau sih semuanya mungkin,positive
masuknya figur kritis seperti rocky gerung ke dalam jajaran wantimpres justru menjadi langkah positif untuk memberikan masukan tajam dan pertimbangan objektif langsung kepada presiden,positive
dulu rocky gerung paling kencang mengkritik penguasa sekarang malah duduk di dalam lingkaran kekuasaan publik tinggal lihat aja masih tetap jadi pengkritik atau akhirnya berubah jadi pengingat yang sopan jabatan baru jangan sampai prinsip ikut dapat jabatan juga,negative
idealismenya rocky gerung cuma sampai mulyono payah,negative
terkahir pas ada kalimat mbg keluar dari rocky gerung gue dah ga yakin seolah olah di jadi kaya dewa,negative
kok gue rasa rocky gerung udh nunggu bgt momen dia dilantik yaaduhblunderlgabangdek,negative
kok marah nggak mungkin tokoh bangsa secerdas prabowo dibilang dungu kan yang dungu ya yang mempersoalkan rocky gerung ini,negative
sama penjilat dulu saya sangat bangga dengan rocky gerung tapi sekarang saya muak melihatnya,negative
day in my life bocil sd di hari libur sekolah rocky gerung malam minggu malaysia angkatan king indo ina liem mkmk turut elin day off qodari malming,neutral
mengarungi medan sulit hingga menghadapi beragam tantangan inilah kisah suka duka para mitra statistik saat berjuang mengumpulkan data akurat di tengah lapangan rocky gerung phuwin st fancon idn wantimpres,positive
kenaikan harga pangan dan transportasi memicu inflasi september data bps hadir membaca kondisi ekonomi demi kebijakan tepat rocky gerung phuwin st fancon idn wantimpres,positive
bocil handuk putih main sama ibunya rocky gerung malam minggu malaysia angkatan king indo ina liem mkmk turut elin day off qodari malming,neutral
data bukan sekadar angka melainkan cerminan kehidupan masyarakat demi menghadirkan kebijakan publik yang lebih adil berdampak serta memanusiakan setiap anak dan keluarga indonesia rocky gerung phuwin st fancon idn wantimpres,positive
budak sok imut yang lagi viral nih rocky gerung malam minggu malaysia angkatan king indo ina liem mkmk turut elin day off qodari malming,neutral
my one and only adik kakak gamau kalah mainnya rocky gerung malam minggu malaysia angkatan king indo ina liem mkmk turut elin day off qodari malming,neutral
apa enaknya jadi wantimpres seperti rocky gerung gaji lebih dari rp juta setiap bulannya dan fasilitas tak kalah dengan menteri,neutral
bocil baju merah nyampe nangis kesakitan loh rocky gerung malam minggu malaysia angkatan king indo ina liem mkmk turut elin day off qodari malming,neutral
kalau di luar negeri pejabat yang ketahuan curang dan melakukan pemalsuan ijazah sudah mengundurkan diri menjunjung nilai etika dan moral sayang gibran ngga punya malu apalagi etika malam minggu angkatan rocky gerung lenteng agung,negative
ama pcr ngeroom turut united vs northlondon legend rocky gerung wantimpres elin shopee perthsanta narock mak we reign press tour selamat hari batik nasional pltp ungaran mbah leginah,neutral
ibu dan anak yang lagi viral nih rocky gerung malam minggu malaysia angkatan king indo ina liem mkmk turut elin day off qodari malming,neutral
bocil cindo yang lagi viral rocky gerung malam minggu malaysia angkatan king indo ina liem mkmk turut elin day off qodari malming,neutral
main di rumah kosong loh rocky gerung malam minggu malaysia angkatan king indo ina liem mkmk turut elin day off qodari malming,neutral
yang suka ngang ngong ke pemerintah karena demi jabatanga dapat jatah itu nyata adanya kok kayak rocky gerung ini memang harsh truth tapi mo gimana lagi lagian kalo ideologi lebih laku dari pengkultusan tokoh psi sedari dulu juga gak bakal gandeng kaesang pak,negative
bilqis gadis banyuwangi viral rocky gerung malam minggu malaysia angkatan king indo ina liem mkmk turut elin day off qodari malming,neutral
bocil topeng ungu viral rocky gerung malam minggu malaysia angkatan king indo ina liem mkmk turut elin day off qodari malming,neutral
a day in my life versi bocil sd viral rocky gerung malam minggu malaysia angkatan king indo ina liem mkmk turut elin day off qodari malming,neutral
ayah dan anak yang lagi viral nih rocky gerung malam minggu malaysia angkatan king indo ina liem mkmk turut elin day off qodari malming,neutral
kena rocky gerung,negative
bocil main di kasur saat rumah sepi viral rocky gerung malam minggu malaysia angkatan king indo ina liem mkmk turut elin day off qodari malming,neutral
bocil vs ponakan yang lagi viral rocky gerung malam minggu malaysia angkatan king indo ina liem mkmk turut elin day off qodari malming,neutral
mau liat dlmanny cek turut united vs northlondon legend rocky gerung wantimpres elin shopee perthsanta narock mak we reign press tour selamat hari batik nasional pltp ungaran mbah leginah,neutral
guru les vs murid kesayangan yang lagi viral rocky gerung malam minggu malaysia angkatan king indo ina liem mkmk turut elin day off,neutral
sebenarnya hak rocky gerung sebagai warga negara ngambil jabatan itu tapi lucu aja orng yg paling sering speakup di era jokowi malah jadi bawahan anak jokowi,negative
di kntr dong turut united vs northlondon legend rocky gerung wantimpres elin shopee perthsanta narock mak we reign press tour selamat hari batik nasional pltp ungaran mbah leginah,neutral
malam minggu begini malah ramai bahas rocky gerung masuk istana dari angkatan sampai lenteng agung ikut lewat timeline malming makin random ditambah zhang hao dan x emang nggak pernah kehabisan bahan,negative
rocky yg kurus rocky gering rocky yg seneng rocky girang rocky yg penjilat rocky gerung,positive
demkhhh nada rocky gerung,neutral
moga di rapat rapat berantem ama rocky gerung,negative
udah ya jangan suka ribut lagi dimari rocky gerung audah dilantik,negative
oh begitu ternyata,negative
masih nungguin video soal rocky gerung,neutral
rocky gerung kemakan omongan nya sendiri apa gak malu tuh sama realita sekarang,negative
kenapa rocky gerung sekarang jadi dungu mbg buat stunting itu gimana ceritanya pemenuhan kebutuhan agar gak stunting itu dari usia sebelum sekolahpaham jangan lupa malam minggu gaes,neutral
kiky saputri menambahkan rocky gerung ke dalam grup berjuang dari dalam,positive
dengan cara ngobrol amp ngopi bersama rocky gerung amp qodari setiap hari di kantor wantimpres,neutral
moralitas intelektual rocky gerung setipis kulit bawang,positive
hari sabtu waktunya persiapan malam minggu alias malming day off dulu sambil dengerin musik dan lihat sip rubi sampai rame di timeline btw rocky gerung sudah dapat alokasi jabatan di angkatannya kah njir,neutral
kecewa sm rocky gerung,negative
akankah rocky gerung memakan tubuhnya sendiri,negative
never thought of seorang rocky gerung jd bawahan gibran,neutral
dan ya rocky gerung,positive
btw mereka udah pecah kongsi kah dulu setiap hari ngonten bareng rocky gerung sekarang kontennya sendirian wkwkw,positive
mudahan terkenal lah manatau ada yang menyusul rocky gerung,positive
rocky gerung situation would be such a delicious topic for my class later on wednesday i swear,neutral
rocky gerung day off malam minggu malming mbah leginah beuty moment with sea qodari,neutral
jangan² rezim punya sextapenya rocky gerung,negative
mana berani ngeludahin org yg ngasih dia jabatan kalo udah di dalem otomatis udah satu kubu kalo pemerintah salah emg mau rocky gerung ngaku salah mbg aja udah dijilatin mulu wkwkwk,negative
rocky gerung more like rocky gering xia kehed,negative
harta kekayaan anggota wantimpres chairul tanjung rp t rocky gerung berapa lewat,neutral
sing ngedit iki melbu neroko rocky gerung,positive
tulnya mereka yg dulu supportpercaya rocky gerung sblm dia masuk pemerintahan prabowo itu aseli guoblok ngomongnya saja dah ngelantur kitab suci kitab fiksi kyk gini mau kritik pemerintah sampah semua isinya ya gak,negative
tapi jgn ngobrolin rocky gerung ya,negative
rocky gerung saya cuman pindah dari luar ke dalam,neutral
masi kecil jago ngemutt mana ketelen lagi rocky gerung day off mbah leginah pecco sip malming malam minggu,neutral
kenapa mba itu ngomong ke aku pake bahasa kromo halus emangnya aku pak camat padahal aku ini bjingn tlol kata rocky gerung,neutral
rocky gerung yg sama bukan nih,negative
in this economy rocky gerung aja menyerah,positive
kini jadi wantimpres rocky gerung pernah bandingkan kritiknya terhadap jokowi vs prabowo,negative
udh gak gerunggerung lg si rocky ga cocok namanya rocky gerung cocoknya rocky girang udh dapet jabatan dia full nyengir dapet gaji jt,positive
bangsat banget ada yang buat status ekonomi sekarang memang berat rocky gerung aja nyerah,negative
dari rocky gerung kita belajar manusia itu dinamis bisa berubah makanya sebelum berbicara dipikir dlu,positive
tadi pagi kan lagi enak sarapan sama ngopi tetiba liat berita ini langsung kepikiran berarti pajak aing buat bayar gaji dan tunjangan om rocky gerung dong bener kan ya semoga beliau tetap lantang untuk kritis menyuarakan dari dalam,neutral
joget akal sehat rocky gerung,positive
orang setingkat rocky gerung diberi jabatan komisaris atau menteri setidak²nya wamen koq cuma jadi anggota wantimpres,neutral
rocky gerung sekarang jadi wantimpres yang bikin aku malah kepikiran kalau orang yang selama ini dikenal karena komentarnya soal pemerintah sekarang justru masuk ke lingkaran pemberi pertimbangan pemerintah bakal kayak gimana ya menarik buat lihat apakah gaya,negative
joget watimpres versi rocky gerung viral,positive
waalaikumsalam abah pergi ke pasar membeli kemeja kemeja biru bermotif bunga biasa mengkritik logika belanja kini rocky gerung yang kita cap dungu,neutral
rocky gerung disumpah pakai kitab suci apa saat dilantik jadi wantimpres tanda tanya,negative
kabar baiknya qodari menjadi atasan rocky gerung di wantimpres,positive
rocky gerung juga manusia biasa bukan malaikat ia juga tak cukup kuat menahan godaan kue kekuasaan fakta tiap hari rg kritik qodari dan paman usman tapi akhirnya mau juga disatukolamkan,neutral
agama rocky gerung apa ya apa bener ini cara sumpah jabatan agama katholik posisi kitab suci kok malah kayak islam,negative
kok bs loh ya gw jd rocky gerung malu anjing dongo bet gakuat gw,negative
komisi iv dpr ri mendorong pengembangan teknologi budidaya ikan sistem bioflok yang terjangkau agar dapat dimanfaatkan secara luas oleh masyarakat guna memperkuat ketahanan pangan dan mendukung program gizi nasional rocky gerung cabe murcee mbah leginah qodari,neutral
apa masalahnya ketika rocky gerung diangkat sebagai anggota wantimpres oleh presiden gak ada masalahkan lalu kenapa dipermasalahkan,negative
rocky gerung garang vs kalem,neutral
pimpinan dpr ri serap aspirasi buruh terkait isu ketenagakerjaan rocky gerung cabe murcee mbah leginah qodari,neutral
sore hari menghirup udara segar duduk santai di atas bangku kopi hangat membuat mata segar mendungukan rocky gerung yang suka bilang dungu,neutral
oh udah ga ada otak ya si rocky gerung ni,neutral
ri hancur oleh orang² kayak rocky gerung abaikan saja dia,negative
dalam pelaksanaannya keberlakuan uu nomor tahun tentang lalu lintas dan angkutan jalan ternyata masih belum dapat mengakomodasi perkembangan kebutuhan dan permasalahan hukum di masyarakat dalam penyelenggaraan rocky gerung cabe murcee mbah leginah qodari,neutral
bps memotret indonesia lewat data setiap wilayah setiap keluarga punya cerita petani nelayan ibu anak sekolah semua terlihat bukan sekadar angka tapi wajah nyata bangsa yang utuh qodari mbah leginah rocky gerung phuwin st fancon idn,positive
uu pprt tidak hanya memberikan pengakuan terhadap status prt sebagai pekerja tetapi juga memberikan dasar perlindungan negara termasuk dalam pemenuhan jaminan sosial rocky gerung cabe murcee mbah leginah qodari,positive
komisi x dpr ri menyoroti puluhan ribu kuota ptn yang tidak terisi serta ribu calon mahasiswa yang batal registrasi pada spmb yang diduga dipicu oleh kendala tingginya biaya uang kuliah tunggal ukt rocky gerung cabe murcee mbah leginah qodari,neutral
rocky gerung juga pernah mengatakan presiden ke adalah bajingn tolol dan kemudian dilantik sebagai anggota wantimpres,neutral
qodari naik level sbg berhalanya rocky gerung,negative
prinsip keadilan dalam pembiayaan pendidikan dasar telah memperoleh landasan melalui putusan mahkamah konstitusi nomor puuxxii rocky gerung cabe murcee mbah leginah,positive
ternyata rocky selama ini berdebat sama gerung,negative
bob hasan mengatakan ruu satu data indonesia tidak semestinya hanya mengadopsi ketentuan yang telah tersebar dalam berbagai regulasi sektoral rocky gerung cabe murcee mbah leginah,positive
rocky gerung masuk watimpres justru bagus bakal beri pertimbangan ke presiden,positive
seru gini liat timeline isinya rocky gerung goes to istana jilat ludah sendiri enak ya pake nasi bang biar kenyang,positive
bocil baju sd viral sama abangnya qodari dungu mbah leginah king indi rocky gerung angkatan skynani meroi in tokyo aston martin shame on you phuwin st fancon idn,positive
bukannya harusnya bagus ya orang kritis macam rocky gerung bisa masuk pemerintahan,negative
secara pragmatis rocky gerung udah dapat bagian besarjd kita mengerti lah,positive
adik sama kakak yang lagi viral nih qodari angkatan mbah leginah rocky gerung united vs northlondon legend percepat pembangunan negeri,neutral
ketika teori orang ndakik ttg rocky gerung jangan realitanya sesederhana rejim punya kuncian aib nya doi soalnya timing trajektori doi agak sus bulan awal semenjak p dilantik doi msh ngonten ama hersu dan msh cukup kritis tp tiba lgsg ilang mulai tahun kedua,negative
eksistensi rocky gerung itu jokowi ketika jokowi lengser rocky kehilangan eksistensinya tdk ada lagi yg mengundangnya sbg pembicara presiden dungu tdk relevan lagi dia takut makanya paling aman jadi wantimpres,negative
pns vs yang lagi viral nih qodari angkatan mbah leginah rocky gerung united vs northlondon legend percepat pembangunan negeri,neutral
rocky gerung anjing,negative
demokrasi berbahaya jika diserahkan kepada rakyat yang tidak terdidik dan mudah dipengaruhi oleh retorika kosong,negative
kiky saputri menambahkan rocky gerung ke grup pasukan mengubah dari dalam,neutral
congrats yaa pak rocky gerung semoga jujur dan amanah,positive
pernyataan disampaikan oleh rocky gerung saat diskusi publik dan bedah buku marhaenisme di surabaya pada juni kembali viral pada oktober setelah ia dilantik sebagai anggota wantimpres sepakat semoga dia gak masuk dalam gerombolan dungu,neutral
berbagai tantangan kondisi medan di lapangan senantiasa dihadapi para petugas statistik dengan penuh tanggung jawab demi menyukseskan pendataan ekonomi nasional di seluruh wilayah rocky gerung wantimpres,positive
ferry irwandi menyayangkan rg merapat ke istana dia sendiri ngaku udah beberapa kali ditawarin jabatan tawarannya dari staf khusus menteri wakil menteri sampe menteri tapi semuanya dia tolak alasannya dia ga punya ambisi ngejar jabatan politik dia nyinggung rocky gerung,neutral
pengumpulan data terpadu yang akurat dan komprehensif sangat penting sebagai landasan utama perencanaan program pembangunan nasional demi meningkatkan kesejahteraan seluruh lapisan masyarakat rocky gerung wantimpres,positive
kg sabu jaringan malaysiaacehsumut digulung ditresnarkoba polda sumut sukses menggagalkan penyelundupan sabu lintas negara di lokasi berbeda tersangka diamankan bersama barang bukti bernilai fantastis rocky gerung wantimpres mbah leginah ina liem,neutral
menyusuri berbagai medan dan area pemukiman warga demi menyajikan data pembangunan nasional merupakan bukti pengabdian nyata seluruh petugas lapangan statistik di indonesia rocky gerung wantimpres,positive
kok pada syok rocky gerung gabung pemerintahan sih dari awal dia ngehate jokowi juga udah janggal kaya terlalu dibuat buat kalo masalah kebijakan prabs ga kalah dungu kebijakannya tapi diem aja tuh rocky udah feeling dia emang priharaan prabs,negative
akhirnya rocky gerung pakai dasi biru juga,neutral
bodohnya pemerintah pusat emang bangun bedungannyal doang nanti dari pemprov sama pemda yg bikin pipa irigasi dan perlengkpannya kebanyakan kena dokrtin rocky gerung,negative
rocky gerung tidak di gaji jadi tak usah kritik apapun nyelenehnya,negative
masih di ajak ngobrol sama rocky gerung bang,neutral
rocky gerung is the real cowo bingung,neutral
rocky gerung dah jadi rocky girang,negative
rocky gerung jadi rocky garing,negative
bener andil rocky gerung di feminisme second wave itu besar karena dia sering melucuti nilai patriarki dgn logika berpikirnya banyak banget kuliah dia terkait feminis sangat disayangkan dia akhirnya jadi pejabat rezim juga,negative
tekanan inflasi yang masih harus dicermati ini menjadi pengingat pentingnya mengawal stabilitas harga bersama demi menjaga daya beli masyarakat di berbagai daerah we reign press tour perth paiaew chiangmai rocky gerung,positive
rg bukannya rocky gerung,negative
